#pragma once

// Byte-exact state-4 loading payloads copied from retail capture3.
// These are emitted after the initial entity stream and before the
// client sends its 0x2F/0x2F/0x0B loadout/status packet.

#include <cstddef>
#include <cstdint>

namespace opennova::retail_loading_blobs {

inline constexpr uint8_t kState4Tag0d_00[] = {
    0x0a, 0x00, 0x21, 0x1c, 0x00, 0x10, 0xbf, 0x04, 0x00, 0x40, 0x04, 0x02,
    0x00, 0x01, 0x2c, 0xdf, 0x01, 0x26, 0x89, 0xe3, 0xfe, 0x8e, 0xb4, 0x0e,
    0x00, 0x00, 0x00, 0xaa, 0x6a, 0x07, 0xff, 0xff, 0xff, 0xff, 0xff, 0xff,
    0xff, 0xff, 0xff, 0xff, 0xff, 0x01, 0x2c, 0xdf, 0x01, 0x26, 0x89, 0xe3,
    0xfe, 0x64, 0x5f, 0x6d, 0x68, 0x36, 0x00, 0x00, 0x77, 0x1c, 0x01, 0x10,
    0x0b, 0x05, 0x00, 0x40, 0x04, 0x02, 0x00, 0x58, 0xa8, 0x9b, 0xfe, 0x08,
    0x73, 0xbb, 0x01, 0x90, 0xba, 0x0b, 0x00, 0x00, 0x00, 0x55, 0x55, 0x5c,
    0x73, 0xf6, 0xff, 0xa2, 0x00, 0x00, 0x00, 0x01, 0x01, 0xff, 0xff, 0xff,
    0xff, 0xff, 0xff, 0xff, 0x58, 0xa8, 0x9b, 0xfe, 0x08, 0x73, 0xbb, 0x01,
    0x64, 0x5f, 0x62, 0x75, 0x67, 0x67, 0x79, 0x00, 0x01, 0x00, 0x71, 0x1c,
    0x02, 0x10, 0x0b, 0x05, 0x00, 0x40, 0x04, 0x02, 0x00, 0x28, 0xc3, 0xb2,
    0xfe, 0x93, 0x73, 0xc2, 0x01, 0x0c, 0xba, 0x0b, 0x00, 0x00, 0x00, 0x55,
    0x15, 0x01, 0x01, 0xff, 0xff, 0xff, 0xff, 0xff, 0xff, 0xff, 0x28, 0xc3,
    0xb2, 0xfe, 0x93, 0x73, 0xc2, 0x01, 0x64, 0x5f, 0x62, 0x75, 0x67, 0x67,
    0x79, 0x00, 0x02, 0x00, 0x77, 0x1c, 0x03, 0x10, 0x0b, 0x05, 0x00, 0x40,
    0x04, 0x02, 0x00, 0x22, 0xbd, 0x83, 0xfe, 0xc2, 0x3e, 0xac, 0x01, 0x2b,
    0x5e, 0x0c, 0x00, 0x00, 0x00, 0x55, 0x95, 0xba, 0xaa, 0x10, 0x01, 0x73,
    0xfa, 0xa1, 0x03, 0x01, 0x01, 0xff, 0xff, 0xff, 0xff, 0xff, 0xff, 0xff,
    0x22, 0xbd, 0x83, 0xfe, 0xc2, 0x3e, 0xac, 0x01, 0x64, 0x5f, 0x62, 0x75,
    0x67, 0x67, 0x79, 0x00, 0x03, 0x00, 0x71, 0x1c, 0x04, 0x10, 0x0b, 0x05,
    0x00, 0x40, 0x04, 0x02, 0x00, 0x89, 0x55, 0x7d, 0xfe, 0x0a, 0x0f, 0xb9,
    0x01, 0x0d, 0xba, 0x0b, 0x00, 0x00, 0x00, 0x55, 0x95, 0x01, 0x01, 0xff,
    0xff, 0xff, 0xff, 0xff, 0xff, 0xff, 0x89, 0x55, 0x7d, 0xfe, 0x0a, 0x0f,
    0xb9, 0x01, 0x64, 0x5f, 0x62, 0x75, 0x67, 0x67, 0x79, 0x00, 0x04, 0x00,
    0x77, 0x1c, 0x05, 0x10, 0x0b, 0x05, 0x00, 0x40, 0x04, 0x02, 0x00, 0x16,
    0xa9, 0x5f, 0xfe, 0xd9, 0xbf, 0x6d, 0x01, 0x70, 0xbc, 0x0c, 0x00, 0x00,
    0x00, 0x55, 0xd5, 0x45, 0x1a, 0xe5, 0xff, 0xaa, 0x8f, 0x70, 0x00, 0x01,
    0x01, 0xff, 0xff, 0xff, 0xff, 0xff, 0xff, 0xff, 0x16, 0xa9, 0x5f, 0xfe,
    0xd9, 0xbf, 0x6d, 0x01, 0x64, 0x5f, 0x62, 0x75, 0x67, 0x67, 0x79, 0x00,
    0x05, 0x00, 0x71, 0x1c, 0x06, 0x10, 0x0b, 0x05, 0x00, 0x40, 0xa4, 0x02,
    0x00, 0xda, 0x56, 0x26, 0xad, 0xc4, 0x20, 0x01, 0xd1, 0xd6, 0x7c, 0x0a,
    0x00, 0x00, 0x00, 0x55, 0x95, 0x01, 0x01, 0xff, 0xff, 0xff, 0xff, 0xff,
    0xff, 0xff, 0xda, 0x56, 0x26, 0xad, 0xc4, 0x20, 0x01, 0xd1, 0x64, 0x5f,
    0x62, 0x75, 0x67, 0x67, 0x79, 0x00, 0x06, 0x00, 0x71, 0x1c, 0x07, 0x10,
    0x0b, 0x05, 0x00, 0x40, 0xa4, 0x02, 0x00, 0xd3, 0x56, 0x0b, 0xad, 0x35,
    0x4b, 0x15, 0xd1, 0xd6, 0x7c, 0x0a, 0x00, 0x00, 0x00, 0x55, 0x95, 0x01,
    0x01, 0xff, 0xff, 0xff, 0xff, 0xff, 0xff, 0xff, 0xd3, 0x56, 0x0b, 0xad,
    0x35, 0x4b, 0x15, 0xd1, 0x64, 0x5f, 0x62, 0x75, 0x67, 0x67, 0x79, 0x00,
    0x07, 0x00, 0x71, 0x1c, 0x08, 0x10, 0x0b, 0x05, 0x00, 0x40, 0xa4, 0x02,
    0x00, 0xb0, 0x02, 0x22, 0xad, 0x8c, 0x12, 0x24, 0xd1, 0xd6, 0x7c, 0x0a,
    0x00, 0x00, 0x00, 0x55, 0x95, 0x01, 0x01, 0xff, 0xff, 0xff, 0xff, 0xff,
    0xff, 0xff, 0xb0, 0x02, 0x22, 0xad, 0x8c, 0x12, 0x24, 0xd1, 0x64, 0x5f,
    0x62, 0x75, 0x67, 0x67, 0x79, 0x00, 0x08, 0x00, 0x71, 0x1c, 0x09, 0x10,
    0x0b, 0x05, 0x00, 0x40, 0xa4, 0x02, 0x00, 0xfc, 0xd6, 0x3a, 0xad, 0x4b,
    0x4b, 0x04, 0xd1, 0xd6, 0x7c, 0x0a, 0x00, 0x00, 0x00, 0x55, 0x95, 0x01,
    0x01, 0xff, 0xff, 0xff, 0xff, 0xff, 0xff, 0xff, 0xfc, 0xd6, 0x3a, 0xad,
    0x4b, 0x4b, 0x04, 0xd1, 0x64, 0x5f, 0x62, 0x75, 0x67, 0x67, 0x79, 0x00,
    0x09, 0x00,
};

inline constexpr uint8_t kState4Tag0d_01[] = {
    0x0a, 0x00, 0x71, 0x1c, 0x09, 0x10, 0x0b, 0x05, 0x00, 0x40, 0xa4, 0x02,
    0x00, 0xfc, 0xd6, 0x3a, 0xad, 0x4b, 0x4b, 0x04, 0xd1, 0xd6, 0x7c, 0x0a,
    0x00, 0x00, 0x00, 0x55, 0x95, 0x01, 0x01, 0xff, 0xff, 0xff, 0xff, 0xff,
    0xff, 0xff, 0xfc, 0xd6, 0x3a, 0xad, 0x4b, 0x4b, 0x04, 0xd1, 0x64, 0x5f,
    0x62, 0x75, 0x67, 0x67, 0x79, 0x00, 0x09, 0x00, 0x71, 0x1c, 0x0a, 0x10,
    0x0b, 0x05, 0x00, 0x40, 0xa4, 0x02, 0x00, 0xfa, 0xd6, 0x32, 0xad, 0x19,
    0xf6, 0xdc, 0xd0, 0xd6, 0x7c, 0x0a, 0x00, 0x00, 0x00, 0x55, 0x95, 0x01,
    0x01, 0xff, 0xff, 0xff, 0xff, 0xff, 0xff, 0xff, 0xfa, 0xd6, 0x32, 0xad,
    0x19, 0xf6, 0xdc, 0xd0, 0x64, 0x5f, 0x62, 0x75, 0x67, 0x67, 0x79, 0x00,
    0x0a, 0x00, 0x71, 0x1c, 0x0b, 0x10, 0x0b, 0x05, 0x00, 0x40, 0xa4, 0x02,
    0x00, 0xa8, 0x2c, 0xfc, 0xac, 0x88, 0x4b, 0xdf, 0xd0, 0xd6, 0x7c, 0x0a,
    0x00, 0x00, 0x00, 0x55, 0x95, 0x01, 0x01, 0xff, 0xff, 0xff, 0xff, 0xff,
    0xff, 0xff, 0xa8, 0x2c, 0xfc, 0xac, 0x88, 0x4b, 0xdf, 0xd0, 0x64, 0x5f,
    0x62, 0x75, 0x67, 0x67, 0x79, 0x00, 0x0b, 0x00, 0x71, 0x1c, 0x0c, 0x10,
    0x0b, 0x05, 0x00, 0x40, 0xa4, 0x02, 0x00, 0xa9, 0x81, 0xef, 0xac, 0xad,
    0xa0, 0xeb, 0xd0, 0xd6, 0x7c, 0x0a, 0x00, 0x00, 0x00, 0x55, 0x95, 0x01,
    0x01, 0xff, 0xff, 0xff, 0xff, 0xff, 0xff, 0xff, 0xa9, 0x81, 0xef, 0xac,
    0xad, 0xa0, 0xeb, 0xd0, 0x64, 0x5f, 0x62, 0x75, 0x67, 0x67, 0x79, 0x00,
    0x0c, 0x00, 0x71, 0x1c, 0x0d, 0x10, 0x0b, 0x05, 0x00, 0x40, 0xa4, 0x02,
    0x00, 0x02, 0x57, 0xf9, 0xac, 0x5f, 0x4b, 0x03, 0xd1, 0xd6, 0x7c, 0x0a,
    0x00, 0x00, 0x00, 0x55, 0x95, 0x01, 0x01, 0xff, 0xff, 0xff, 0xff, 0xff,
    0xff, 0xff, 0x02, 0x57, 0xf9, 0xac, 0x5f, 0x4b, 0x03, 0xd1, 0x64, 0x5f,
    0x62, 0x75, 0x67, 0x67, 0x79, 0x00, 0x0d, 0x00, 0x71, 0x1c, 0x0e, 0x10,
    0x0b, 0x05, 0x00, 0x40, 0x04, 0x02, 0x00, 0xe7, 0x21, 0xb6, 0x01, 0x9a,
    0x93, 0x4c, 0xff, 0x0c, 0xba, 0x0b, 0x00, 0x00, 0x00, 0xaa, 0x8a, 0x02,
    0x01, 0xff, 0xff, 0xff, 0xff, 0xff, 0xff, 0xff, 0xe7, 0x21, 0xb6, 0x01,
    0x9a, 0x93, 0x4c, 0xff, 0x64, 0x5f, 0x62, 0x75, 0x67, 0x67, 0x79, 0x00,
    0x0e, 0x00, 0x77, 0x1c, 0x0f, 0x10, 0x0b, 0x05, 0x00, 0x40, 0x04, 0x02,
    0x00, 0xd8, 0xd1, 0xbe, 0x01, 0x6a, 0x17, 0xfc, 0xfe, 0x83, 0xc8, 0x0b,
    0x00, 0x00, 0x00, 0x00, 0x60, 0xc7, 0x65, 0xf6, 0x00, 0x4b, 0x2b, 0x56,
    0x00, 0x02, 0x01, 0xff, 0xff, 0xff, 0xff, 0xff, 0xff, 0xff, 0xd8, 0xd1,
    0xbe, 0x01, 0x6a, 0x17, 0xfc, 0xfe, 0x64, 0x5f, 0x62, 0x75, 0x67, 0x67,
    0x79, 0x00, 0x0f, 0x00, 0x71, 0x1c, 0x10, 0x10, 0x0b, 0x05, 0x00, 0x40,
    0xa4, 0x02, 0x00, 0x54, 0x2c, 0x16, 0xad, 0xaf, 0xa0, 0x0b, 0xd1, 0xd6,
    0x7c, 0x0a, 0x00, 0x00, 0x00, 0x00, 0xa0, 0x02, 0x01, 0xff, 0xff, 0xff,
    0xff, 0xff, 0xff, 0xff, 0x54, 0x2c, 0x16, 0xad, 0xaf, 0xa0, 0x0b, 0xd1,
    0x64, 0x5f, 0x62, 0x75, 0x67, 0x67, 0x79, 0x00, 0x10, 0x00, 0x71, 0x1c,
    0x11, 0x10, 0x0b, 0x05, 0x00, 0x40, 0x04, 0x02, 0x00, 0xc2, 0xfb, 0xb6,
    0x01, 0x59, 0xee, 0x2c, 0xff, 0x0c, 0xba, 0x0b, 0x00, 0x00, 0x00, 0x55,
    0x75, 0x02, 0x01, 0xff, 0xff, 0xff, 0xff, 0xff, 0xff, 0xff, 0xc2, 0xfb,
    0xb6, 0x01, 0x59, 0xee, 0x2c, 0xff, 0x64, 0x5f, 0x62, 0x75, 0x67, 0x67,
    0x79, 0x00, 0x11, 0x00, 0x71, 0x1c, 0x12, 0x10, 0x0b, 0x05, 0x00, 0x40,
    0xa4, 0x02, 0x00, 0x29, 0x2c, 0x2b, 0xad, 0xb1, 0x20, 0x12, 0xd1, 0xd6,
    0x7c, 0x0a, 0x00, 0x00, 0x00, 0x00, 0xa0, 0x02, 0x01, 0xff, 0xff, 0xff,
    0xff, 0xff, 0xff, 0xff, 0x29, 0x2c, 0x2b, 0xad, 0xb1, 0x20, 0x12, 0xd1,
    0x64, 0x5f, 0x62, 0x75, 0x67, 0x67, 0x79, 0x00, 0x12, 0x00,
};

inline constexpr uint8_t kState4Tag0d_02[] = {
    0x0a, 0x00, 0x71, 0x1c, 0x12, 0x10, 0x0b, 0x05, 0x00, 0x40, 0xa4, 0x02,
    0x00, 0x29, 0x2c, 0x2b, 0xad, 0xb1, 0x20, 0x12, 0xd1, 0xd6, 0x7c, 0x0a,
    0x00, 0x00, 0x00, 0x00, 0xa0, 0x02, 0x01, 0xff, 0xff, 0xff, 0xff, 0xff,
    0xff, 0xff, 0x29, 0x2c, 0x2b, 0xad, 0xb1, 0x20, 0x12, 0xd1, 0x64, 0x5f,
    0x62, 0x75, 0x67, 0x67, 0x79, 0x00, 0x12, 0x00, 0x71, 0x1c, 0x13, 0x10,
    0x0b, 0x05, 0x00, 0x40, 0x04, 0x02, 0x00, 0x1e, 0xcd, 0xb0, 0x01, 0xeb,
    0x95, 0x5d, 0xff, 0x0c, 0xba, 0x0b, 0x00, 0x00, 0x00, 0x0b, 0x96, 0x02,
    0x01, 0xff, 0xff, 0xff, 0xff, 0xff, 0xff, 0xff, 0x1e, 0xcd, 0xb0, 0x01,
    0xeb, 0x95, 0x5d, 0xff, 0x64, 0x5f, 0x62, 0x75, 0x67, 0x67, 0x79, 0x00,
    0x13, 0x00, 0x71, 0x1c, 0x14, 0x10, 0x0b, 0x05, 0x00, 0x40, 0xa4, 0x02,
    0x00, 0x82, 0x01, 0x3d, 0xad, 0x86, 0x4b, 0xf5, 0xd0, 0xd6, 0x7c, 0x0a,
    0x00, 0x00, 0x00, 0x00, 0xa0, 0x02, 0x01, 0xff, 0xff, 0xff, 0xff, 0xff,
    0xff, 0xff, 0x82, 0x01, 0x3d, 0xad, 0x86, 0x4b, 0xf5, 0xd0, 0x64, 0x5f,
    0x62, 0x75, 0x67, 0x67, 0x79, 0x00, 0x14, 0x00, 0x71, 0x1c, 0x15, 0x10,
    0x0b, 0x05, 0x00, 0x40, 0x04, 0x02, 0x00, 0x40, 0xc7, 0xb1, 0x01, 0xfc,
    0xe9, 0x54, 0xff, 0x0c, 0xba, 0x0b, 0x00, 0x00, 0x00, 0x82, 0x8d, 0x02,
    0x01, 0xff, 0xff, 0xff, 0xff, 0xff, 0xff, 0xff, 0x40, 0xc7, 0xb1, 0x01,
    0xfc, 0xe9, 0x54, 0xff, 0x64, 0x5f, 0x62, 0x75, 0x67, 0x67, 0x79, 0x00,
    0x15, 0x00, 0x71, 0x1c, 0x16, 0x10, 0x0b, 0x05, 0x00, 0x40, 0xa4, 0x02,
    0x00, 0xd6, 0x56, 0x21, 0xad, 0x2e, 0x76, 0xe0, 0xd0, 0xd6, 0x7c, 0x0a,
    0x00, 0x00, 0x00, 0x00, 0xa0, 0x02, 0x01, 0xff, 0xff, 0xff, 0xff, 0xff,
    0xff, 0xff, 0xd6, 0x56, 0x21, 0xad, 0x2e, 0x76, 0xe0, 0xd0, 0x64, 0x5f,
    0x62, 0x75, 0x67, 0x67, 0x79, 0x00, 0x16, 0x00, 0x71, 0x1c, 0x17, 0x10,
    0x0b, 0x05, 0x00, 0x40, 0xa4, 0x02, 0x00, 0xa7, 0x81, 0x14, 0xad, 0x2e,
    0xf6, 0xee, 0xd0, 0xd6, 0x7c, 0x0a, 0x00, 0x00, 0x00, 0x00, 0xa0, 0x02,
    0x01, 0xff, 0xff, 0xff, 0xff, 0xff, 0xff, 0xff, 0xa7, 0x81, 0x14, 0xad,
    0x2e, 0xf6, 0xee, 0xd0, 0x64, 0x5f, 0x62, 0x75, 0x67, 0x67, 0x79, 0x00,
    0x17, 0x00, 0x71, 0x1c, 0x18, 0x10, 0x0b, 0x05, 0x00, 0x40, 0x04, 0x02,
    0x00, 0x50, 0x4d, 0xc3, 0x01, 0x27, 0xb2, 0x02, 0xff, 0x0c, 0xba, 0x0b,
    0x00, 0x00, 0x00, 0x00, 0x60, 0x02, 0x01, 0xff, 0xff, 0xff, 0xff, 0xff,
    0xff, 0xff, 0x50, 0x4d, 0xc3, 0x01, 0x27, 0xb2, 0x02, 0xff, 0x64, 0x5f,
    0x62, 0x75, 0x67, 0x67, 0x79, 0x00, 0x18, 0x00, 0x71, 0x1c, 0x19, 0x10,
    0x0b, 0x05, 0x00, 0x40, 0x04, 0x02, 0x00, 0x4e, 0x36, 0xb4, 0x01, 0x1b,
    0xab, 0x43, 0xff, 0x0c, 0xba, 0x0b, 0x00, 0x00, 0x00, 0x00, 0xa0, 0x02,
    0x01, 0xff, 0xff, 0xff, 0xff, 0xff, 0xff, 0xff, 0x4e, 0x36, 0xb4, 0x01,
    0x1b, 0xab, 0x43, 0xff, 0x64, 0x5f, 0x62, 0x75, 0x67, 0x67, 0x79, 0x00,
    0x19, 0x00, 0x71, 0x1c, 0x1a, 0x10, 0x0b, 0x05, 0x00, 0x40, 0xa4, 0x02,
    0x00, 0xfe, 0xd6, 0xed, 0xac, 0x02, 0xf6, 0x18, 0xd1, 0xd6, 0x7c, 0x0a,
    0x00, 0x00, 0x00, 0x00, 0xa0, 0x02, 0x01, 0xff, 0xff, 0xff, 0xff, 0xff,
    0xff, 0xff, 0xfe, 0xd6, 0xed, 0xac, 0x02, 0xf6, 0x18, 0xd1, 0x64, 0x5f,
    0x62, 0x75, 0x67, 0x67, 0x79, 0x00, 0x1a, 0x00, 0x71, 0x1c, 0x1b, 0x10,
    0x0b, 0x05, 0x00, 0x40, 0xa4, 0x02, 0x00, 0xd4, 0xd6, 0x2c, 0xad, 0xc7,
    0x20, 0xf3, 0xd0, 0xd6, 0x7c, 0x0a, 0x00, 0x00, 0x00, 0x00, 0xa0, 0x02,
    0x01, 0xff, 0xff, 0xff, 0xff, 0xff, 0xff, 0xff, 0xd4, 0xd6, 0x2c, 0xad,
    0xc7, 0x20, 0xf3, 0xd0, 0x64, 0x5f, 0x62, 0x75, 0x67, 0x67, 0x79, 0x00,
    0x1b, 0x00,
};

inline constexpr uint8_t kState4Tag0d_03[] = {
    0x0a, 0x00, 0x71, 0x1c, 0x1b, 0x10, 0x0b, 0x05, 0x00, 0x40, 0xa4, 0x02,
    0x00, 0xd4, 0xd6, 0x2c, 0xad, 0xc7, 0x20, 0xf3, 0xd0, 0xd6, 0x7c, 0x0a,
    0x00, 0x00, 0x00, 0x00, 0xa0, 0x02, 0x01, 0xff, 0xff, 0xff, 0xff, 0xff,
    0xff, 0xff, 0xd4, 0xd6, 0x2c, 0xad, 0xc7, 0x20, 0xf3, 0xd0, 0x64, 0x5f,
    0x62, 0x75, 0x67, 0x67, 0x79, 0x00, 0x1b, 0x00, 0x71, 0x1c, 0x1c, 0x10,
    0x0b, 0x05, 0x00, 0x40, 0xa4, 0x02, 0x00, 0x2c, 0xac, 0x0a, 0xad, 0x1d,
    0x76, 0xf8, 0xd0, 0xd6, 0x7c, 0x0a, 0x00, 0x00, 0x00, 0x00, 0xa0, 0x02,
    0x01, 0xff, 0xff, 0xff, 0xff, 0xff, 0xff, 0xff, 0x2c, 0xac, 0x0a, 0xad,
    0x1d, 0x76, 0xf8, 0xd0, 0x64, 0x5f, 0x62, 0x75, 0x67, 0x67, 0x79, 0x00,
    0x1c, 0x00, 0x77, 0x1c, 0x1d, 0x10, 0x0b, 0x05, 0x00, 0x40, 0x04, 0x02,
    0x00, 0x1e, 0x8b, 0x7d, 0xfe, 0x54, 0x13, 0x97, 0x01, 0x7b, 0xa2, 0x0d,
    0x00, 0x00, 0x00, 0xf4, 0x69, 0xe0, 0xd3, 0xcb, 0xfe, 0xbb, 0xf4, 0xbd,
    0x00, 0x01, 0x01, 0xff, 0xff, 0xff, 0xff, 0xff, 0xff, 0xff, 0x1e, 0x8b,
    0x7d, 0xfe, 0x54, 0x13, 0x97, 0x01, 0x64, 0x5f, 0x62, 0x75, 0x67, 0x67,
    0x79, 0x00, 0x1d, 0x00, 0x77, 0x1c, 0x1e, 0x10, 0x0b, 0x05, 0x00, 0x40,
    0x04, 0x02, 0x00, 0xe2, 0xcf, 0x6c, 0xfe, 0xf6, 0xb2, 0x89, 0x01, 0x0f,
    0x58, 0x0d, 0x00, 0x00, 0x00, 0xaa, 0x6a, 0x32, 0x39, 0x15, 0xff, 0x2f,
    0x10, 0x45, 0xfe, 0x01, 0x01, 0xff, 0xff, 0xff, 0xff, 0xff, 0xff, 0xff,
    0xe2, 0xcf, 0x6c, 0xfe, 0xf6, 0xb2, 0x89, 0x01, 0x64, 0x5f, 0x62, 0x75,
    0x67, 0x67, 0x79, 0x00, 0x1e, 0x00, 0x31, 0x1c, 0x1f, 0x10, 0x0c, 0x05,
    0x00, 0x40, 0x04, 0x02, 0x00, 0xde, 0x57, 0x9d, 0xfe, 0xec, 0x82, 0xd9,
    0x01, 0x18, 0x3c, 0x0e, 0x00, 0x00, 0x00, 0x55, 0xd5, 0x01, 0x1f, 0xff,
    0xff, 0xff, 0xff, 0xff, 0xff, 0xff, 0xff, 0xff, 0xff, 0xff, 0xff, 0xff,
    0xff, 0xff, 0xde, 0x57, 0x9d, 0xfe, 0xec, 0x82, 0xd9, 0x01, 0x64, 0x5f,
    0x6d, 0x68, 0x36, 0x00, 0x00, 0x31, 0x1c, 0x20, 0x10, 0x0c, 0x05, 0x00,
    0x40, 0x04, 0x02, 0x00, 0x86, 0x8b, 0x84, 0xfe, 0x7a, 0x74, 0xdd, 0x01,
    0x18, 0x3c, 0x0e, 0x00, 0x00, 0x00, 0x00, 0x40, 0x01, 0x1f, 0xff, 0xff,
    0xff, 0xff, 0xff, 0xff, 0xff, 0xff, 0xff, 0xff, 0xff, 0xff, 0xff, 0xff,
    0xff, 0x86, 0x8b, 0x84, 0xfe, 0x7a, 0x74, 0xdd, 0x01, 0x64, 0x5f, 0x6d,
    0x68, 0x36, 0x00, 0x00, 0x31, 0x1c, 0x21, 0x10, 0x0c, 0x05, 0x00, 0x40,
    0x04, 0x02, 0x00, 0xda, 0x27, 0x89, 0xfe, 0x8d, 0xd1, 0xca, 0x01, 0x18,
    0x3c, 0x0e, 0x00, 0x00, 0x00, 0x06, 0xdb, 0x01, 0x1f, 0xff, 0xff, 0xff,
    0xff, 0xff, 0xff, 0xff, 0xff, 0xff, 0xff, 0xff, 0xff, 0xff, 0xff, 0xff,
    0xda, 0x27, 0x89, 0xfe, 0x8d, 0xd1, 0xca, 0x01, 0x64, 0x5f, 0x6d, 0x68,
    0x36, 0x00, 0x00, 0x31, 0x1c, 0x22, 0x10, 0x0d, 0x05, 0x00, 0x40, 0x84,
    0x02, 0x00, 0x50, 0xd3, 0x38, 0xfe, 0x74, 0xe0, 0xc9, 0x01, 0x99, 0x6e,
    0x0a, 0x00, 0x00, 0x00, 0x0b, 0x56, 0x01, 0x07, 0xff, 0xff, 0xff, 0xff,
    0xff, 0xff, 0xff, 0xff, 0xff, 0xff, 0xff, 0x50, 0xd3, 0x38, 0xfe, 0x74,
    0xe0, 0xc9, 0x01, 0x64, 0x5f, 0x7a, 0x6f, 0x64, 0x65, 0x00, 0x00, 0x31,
    0x1c, 0x23, 0x10, 0x0d, 0x05, 0x00, 0x40, 0x84, 0x02, 0x00, 0xd2, 0x2f,
    0x40, 0xfe, 0xe0, 0x80, 0xbd, 0x01, 0x99, 0x6e, 0x0a, 0x00, 0x00, 0x00,
    0x0b, 0x56, 0x01, 0x07, 0xff, 0xff, 0xff, 0xff, 0xff, 0xff, 0xff, 0xff,
    0xff, 0xff, 0xff, 0xd2, 0x2f, 0x40, 0xfe, 0xe0, 0x80, 0xbd, 0x01, 0x64,
    0x5f, 0x7a, 0x6f, 0x64, 0x65, 0x00, 0x00, 0x31, 0x1c, 0x24, 0x10, 0x0d,
    0x05, 0x00, 0x40, 0x84, 0x02, 0x00, 0x88, 0x48, 0x34, 0xfe, 0x4a, 0x24,
    0xd0, 0x01, 0x99, 0x6e, 0x0a, 0x00, 0x00, 0x00, 0x0b, 0x56, 0x01, 0x07,
    0xff, 0xff, 0xff, 0xff, 0xff, 0xff, 0xff, 0xff, 0xff, 0xff, 0xff, 0x88,
    0x48, 0x34, 0xfe, 0x4a, 0x24, 0xd0, 0x01, 0x64, 0x5f, 0x7a, 0x6f, 0x64,
    0x65, 0x00, 0x00,
};

inline constexpr uint8_t kState4Tag0d_04[] = {
    0x0a, 0x00, 0x31, 0x1c, 0x24, 0x10, 0x0d, 0x05, 0x00, 0x40, 0x84, 0x02,
    0x00, 0x88, 0x48, 0x34, 0xfe, 0x4a, 0x24, 0xd0, 0x01, 0x99, 0x6e, 0x0a,
    0x00, 0x00, 0x00, 0x0b, 0x56, 0x01, 0x07, 0xff, 0xff, 0xff, 0xff, 0xff,
    0xff, 0xff, 0xff, 0xff, 0xff, 0xff, 0x88, 0x48, 0x34, 0xfe, 0x4a, 0x24,
    0xd0, 0x01, 0x64, 0x5f, 0x7a, 0x6f, 0x64, 0x65, 0x00, 0x00, 0x31, 0x1c,
    0x25, 0x10, 0x0d, 0x05, 0x00, 0x40, 0x84, 0x02, 0x00, 0xd2, 0x17, 0xd7,
    0x01, 0x2d, 0xef, 0x5b, 0xff, 0x99, 0x6e, 0x0a, 0x00, 0x00, 0x00, 0x05,
    0x1b, 0x02, 0x07, 0xff, 0xff, 0xff, 0xff, 0xff, 0xff, 0xff, 0xff, 0xff,
    0xff, 0xff, 0xd2, 0x17, 0xd7, 0x01, 0x2d, 0xef, 0x5b, 0xff, 0x64, 0x5f,
    0x7a, 0x6f, 0x64, 0x65, 0x00, 0x00, 0x31, 0x1c, 0x26, 0x10, 0x0d, 0x05,
    0x00, 0x40, 0x84, 0x02, 0x00, 0xcc, 0x8c, 0xde, 0x01, 0xdc, 0x16, 0x41,
    0xff, 0x99, 0x6e, 0x0a, 0x00, 0x00, 0x00, 0xa4, 0x0f, 0x02, 0x07, 0xff,
    0xff, 0xff, 0xff, 0xff, 0xff, 0xff, 0xff, 0xff, 0xff, 0xff, 0xcc, 0x8c,
    0xde, 0x01, 0xdc, 0x16, 0x41, 0xff, 0x64, 0x5f, 0x7a, 0x6f, 0x64, 0x65,
    0x00, 0x00, 0x31, 0x1c, 0x27, 0x10, 0x0d, 0x05, 0x00, 0x40, 0x84, 0x02,
    0x00, 0xa6, 0x64, 0xe8, 0x01, 0x12, 0x0c, 0x51, 0xff, 0x99, 0x6e, 0x0a,
    0x00, 0x00, 0x00, 0x99, 0x19, 0x02, 0x07, 0xff, 0xff, 0xff, 0xff, 0xff,
    0xff, 0xff, 0xff, 0xff, 0xff, 0xff, 0xa6, 0x64, 0xe8, 0x01, 0x12, 0x0c,
    0x51, 0xff, 0x64, 0x5f, 0x7a, 0x6f, 0x64, 0x65, 0x00, 0x00, 0x31, 0x1c,
    0x28, 0x10, 0x0d, 0x05, 0x00, 0x40, 0x84, 0x02, 0x00, 0x26, 0x92, 0x8a,
    0xfe, 0x30, 0x52, 0x77, 0x01, 0x99, 0x6e, 0x0a, 0x00, 0x00, 0x00, 0x4f,
    0xda, 0x01, 0x07, 0xff, 0xff, 0xff, 0xff, 0xff, 0xff, 0xff, 0xff, 0xff,
    0xff, 0xff, 0x26, 0x92, 0x8a, 0xfe, 0x30, 0x52, 0x77, 0x01, 0x64, 0x5f,
    0x7a, 0x6f, 0x64, 0x65, 0x00, 0x00, 0x31, 0x1c, 0x29, 0x10, 0x0d, 0x05,
    0x00, 0x40, 0x84, 0x02, 0x00, 0x44, 0x1b, 0xde, 0x01, 0xa0, 0xa1, 0x60,
    0xff, 0x99, 0x6e, 0x0a, 0x00, 0x00, 0x00, 0x4f, 0x1a, 0x02, 0x07, 0xff,
    0xff, 0xff, 0xff, 0xff, 0xff, 0xff, 0xff, 0xff, 0xff, 0xff, 0x44, 0x1b,
    0xde, 0x01, 0xa0, 0xa1, 0x60, 0xff, 0x64, 0x5f, 0x7a, 0x6f, 0x64, 0x65,
    0x00, 0x00, 0x31, 0x1c, 0x2a, 0x10, 0x0d, 0x05, 0x00, 0x40, 0x84, 0x02,
    0x00, 0x6c, 0x6a, 0xeb, 0x01, 0x4c, 0x2e, 0x02, 0xff, 0x99, 0x6e, 0x0a,
    0x00, 0x00, 0x00, 0xf4, 0xe9, 0x02, 0x07, 0xff, 0xff, 0xff, 0xff, 0xff,
    0xff, 0xff, 0xff, 0xff, 0xff, 0xff, 0x6c, 0x6a, 0xeb, 0x01, 0x4c, 0x2e,
    0x02, 0xff, 0x64, 0x5f, 0x7a, 0x6f, 0x64, 0x65, 0x00, 0x00, 0x37, 0x1c,
    0x2b, 0x10, 0x0d, 0x05, 0x00, 0x40, 0x84, 0x02, 0x00, 0x74, 0x74, 0xa4,
    0x01, 0xc6, 0xef, 0x8e, 0xff, 0x98, 0x80, 0x0a, 0x00, 0x00, 0x00, 0x60,
    0x2b, 0xe2, 0xc1, 0xa5, 0xff, 0x6f, 0x62, 0x98, 0xfe, 0x02, 0x07, 0xff,
    0xff, 0xff, 0xff, 0xff, 0xff, 0xff, 0xff, 0xff, 0xff, 0xff, 0x74, 0x74,
    0xa4, 0x01, 0xc6, 0xef, 0x8e, 0xff, 0x64, 0x5f, 0x7a, 0x6f, 0x64, 0x65,
    0x00, 0x00, 0x31, 0x1c, 0x2c, 0x10, 0x0d, 0x05, 0x00, 0x40, 0x84, 0x02,
    0x00, 0x3c, 0xef, 0x80, 0xfe, 0xae, 0xf1, 0x64, 0x01, 0x99, 0x6e, 0x0a,
    0x00, 0x00, 0x00, 0x05, 0xdb, 0x01, 0x07, 0xff, 0xff, 0xff, 0xff, 0xff,
    0xff, 0xff, 0xff, 0xff, 0xff, 0xff, 0x3c, 0xef, 0x80, 0xfe, 0xae, 0xf1,
    0x64, 0x01, 0x64, 0x5f, 0x7a, 0x6f, 0x64, 0x65, 0x00, 0x00, 0x67, 0x1c,
    0x2d, 0x10, 0x14, 0x05, 0x00, 0x40, 0x04, 0x02, 0x00, 0xcc, 0x90, 0x55,
    0xfe, 0xe8, 0x20, 0xa3, 0x01, 0x31, 0x32, 0x12, 0x00, 0x00, 0x00, 0x00,
    0xc0, 0x8f, 0x40, 0x05, 0x00, 0x64, 0x0c, 0x0d, 0x00, 0x7f, 0xff, 0xff,
    0xff, 0xff, 0xff, 0xff, 0xff, 0xff, 0xff, 0xff, 0xff, 0xff, 0xff, 0xff,
    0xff, 0xff, 0xff, 0xff, 0x00, 0xcc, 0x90, 0x55, 0xfe, 0xe8, 0x20, 0xa3,
    0x01, 0x64, 0x5f, 0x6d, 0x68, 0x36, 0x00, 0x1f, 0x00,
};

inline constexpr uint8_t kState4Tag0d_05[] = {
    0x0e, 0x00, 0x67, 0x1c, 0x2d, 0x10, 0x14, 0x05, 0x00, 0x40, 0x04, 0x02,
    0x00, 0xcc, 0x90, 0x55, 0xfe, 0xe8, 0x20, 0xa3, 0x01, 0x31, 0x32, 0x12,
    0x00, 0x00, 0x00, 0x00, 0xc0, 0x8f, 0x40, 0x05, 0x00, 0x64, 0x0c, 0x0d,
    0x00, 0x7f, 0xff, 0xff, 0xff, 0xff, 0xff, 0xff, 0xff, 0xff, 0xff, 0xff,
    0xff, 0xff, 0xff, 0xff, 0xff, 0xff, 0xff, 0xff, 0x00, 0xcc, 0x90, 0x55,
    0xfe, 0xe8, 0x20, 0xa3, 0x01, 0x64, 0x5f, 0x6d, 0x68, 0x36, 0x00, 0x1f,
    0x00, 0x61, 0x1c, 0x2e, 0x10, 0x14, 0x05, 0x00, 0x40, 0x04, 0x02, 0x00,
    0x10, 0x10, 0x20, 0xfe, 0xfc, 0xf7, 0xb1, 0x01, 0xff, 0x30, 0x12, 0x00,
    0x00, 0x00, 0x99, 0xd9, 0x7f, 0xff, 0xff, 0xff, 0xff, 0xff, 0xff, 0xff,
    0xff, 0xff, 0xff, 0xff, 0xff, 0xff, 0xff, 0xff, 0xff, 0xff, 0xff, 0x00,
    0x10, 0x10, 0x20, 0xfe, 0xfc, 0xf7, 0xb1, 0x01, 0x64, 0x5f, 0x6d, 0x68,
    0x36, 0x00, 0x20, 0x00, 0x61, 0x1c, 0x2f, 0x10, 0x1c, 0x05, 0x00, 0x40,
    0x04, 0x02, 0x00, 0xa0, 0xc3, 0xce, 0x01, 0xca, 0x6d, 0xc6, 0xfe, 0x2a,
    0x60, 0x0f, 0x00, 0x00, 0x00, 0x00, 0x40, 0x7f, 0xff, 0xff, 0xff, 0xff,
    0xff, 0xff, 0xff, 0xff, 0xff, 0xff, 0xff, 0xff, 0xff, 0xff, 0xff, 0xff,
    0xff, 0xff, 0xff, 0xa0, 0xc3, 0xce, 0x01, 0xca, 0x6d, 0xc6, 0xfe, 0x64,
    0x5f, 0x6d, 0x68, 0x36, 0x00, 0x21, 0x00, 0x61, 0x1c, 0x30, 0x10, 0x1c,
    0x05, 0x00, 0x40, 0x04, 0x02, 0x00, 0x59, 0xe7, 0x97, 0x01, 0x10, 0x32,
    0x68, 0xff, 0x2a, 0x60, 0x0f, 0x00, 0x00, 0x00, 0xaa, 0xaa, 0x7f, 0xff,
    0xff, 0xff, 0xff, 0xff, 0xff, 0xff, 0xff, 0xff, 0xff, 0xff, 0xff, 0xff,
    0xff, 0xff, 0xff, 0xff, 0xff, 0xff, 0x59, 0xe7, 0x97, 0x01, 0x10, 0x32,
    0x68, 0xff, 0x64, 0x5f, 0x6d, 0x68, 0x36, 0x00, 0x22, 0x00, 0xa1, 0x20,
    0x31, 0x10, 0x4f, 0x05, 0x00, 0x00, 0x00, 0x02, 0x04, 0xcd, 0x43, 0xa3,
    0x00, 0xcd, 0xc3, 0x04, 0x00, 0xfe, 0xf4, 0x2d, 0x00, 0x00, 0x00, 0x55,
    0x15, 0xff, 0xff, 0x22, 0x46, 0x00, 0xa1, 0x20, 0x32, 0x10, 0x4f, 0x05,
    0x00, 0x00, 0x00, 0x02, 0x04, 0x26, 0xf3, 0xc9, 0xfe, 0x1d, 0x01, 0xb6,
    0xff, 0xe8, 0x0b, 0x3e, 0x00, 0x00, 0x00, 0x3e, 0x09, 0xff, 0xff, 0x02,
    0x46, 0x00, 0xb1, 0x20, 0x33, 0x10, 0x4f, 0x05, 0x00, 0x00, 0x04, 0x02,
    0x04, 0xb8, 0x12, 0x43, 0xfe, 0x78, 0x70, 0x62, 0xfe, 0xfe, 0x82, 0x15,
    0x00, 0x00, 0x00, 0x55, 0x15, 0x01, 0xff, 0xff, 0x01, 0x2d, 0x00, 0xb1,
    0x20, 0x34, 0x10, 0x4f, 0x05, 0x00, 0x00, 0x04, 0x02, 0x04, 0xea, 0x26,
    0x52, 0x01, 0x9c, 0x3d, 0x73, 0x01, 0x67, 0xa0, 0x1a, 0x00, 0x00, 0x00,
    0xab, 0xea, 0x02, 0xff, 0xff, 0x03, 0x37, 0x00, 0x21, 0x00, 0x35, 0x10,
    0x4d, 0x07, 0x00, 0x00, 0x00, 0x02, 0x00, 0x26, 0xdf, 0x43, 0xfe, 0x48,
    0x80, 0xe2, 0x00, 0xb8, 0x73, 0x0d, 0x00, 0x00, 0x00, 0xdd, 0xbd, 0x00,
    0x21, 0x00, 0x36, 0x10, 0x4d, 0x07, 0x00, 0x00, 0x00, 0x02, 0x00, 0xc6,
    0x20, 0xd8, 0x01, 0x3a, 0x87, 0x31, 0xff, 0x49, 0x25, 0x0d, 0x00, 0x00,
    0x00, 0xa4, 0x0f, 0x00, 0x21, 0x00, 0x37, 0x10, 0x4d, 0x07, 0x00, 0x00,
    0x00, 0x02, 0x00, 0x24, 0xb3, 0x8b, 0xfe, 0xee, 0xbf, 0xb2, 0x01, 0x69,
    0xfd, 0x14, 0x00, 0x00, 0x00, 0x55, 0x55, 0x00, 0x21, 0x00, 0x38, 0x10,
    0x6e, 0x07, 0x00, 0x00, 0x00, 0x02, 0x00, 0x4c, 0xa3, 0x59, 0x01, 0xaa,
    0xb2, 0x73, 0x01, 0xce, 0xf7, 0x11, 0x00, 0x00, 0x00, 0x66, 0x06, 0xff,
    0x21, 0x00, 0x39, 0x10, 0x6e, 0x07, 0x00, 0x00, 0x00, 0x02, 0x00, 0x4a,
    0x5f, 0x55, 0x01, 0xc6, 0xa6, 0x6d, 0x01, 0xee, 0xf6, 0x11, 0x00, 0x00,
    0x00, 0xbc, 0xdb, 0xff, 0x21, 0x00, 0x3a, 0x10, 0x6e, 0x07, 0x00, 0x00,
    0x00, 0x02, 0x00, 0xd8, 0xd5, 0x2e, 0xfe, 0x81, 0xdc, 0xdf, 0x00, 0x00,
    0x00, 0x0b, 0x00, 0x00, 0x00, 0x27, 0xbd, 0xff,
};

inline constexpr uint8_t kState4Tag0d_06[] = {
    0x12, 0x00, 0x21, 0x00, 0x3a, 0x10, 0x6e, 0x07, 0x00, 0x00, 0x00, 0x02,
    0x00, 0xd8, 0xd5, 0x2e, 0xfe, 0x81, 0xdc, 0xdf, 0x00, 0x00, 0x00, 0x0b,
    0x00, 0x00, 0x00, 0x27, 0xbd, 0xff, 0x21, 0x00, 0x3b, 0x10, 0x6e, 0x07,
    0x00, 0x00, 0x00, 0x02, 0x00, 0xdc, 0x15, 0x9d, 0x00, 0xa1, 0x99, 0x01,
    0x00, 0x00, 0xfa, 0x28, 0x00, 0x00, 0x00, 0xea, 0x93, 0xff, 0x21, 0x00,
    0x3c, 0x10, 0x6e, 0x07, 0x00, 0x00, 0x00, 0x02, 0x00, 0xe5, 0x30, 0xa9,
    0x00, 0x8e, 0x61, 0x08, 0x00, 0x00, 0xfb, 0x28, 0x00, 0x00, 0x00, 0x33,
    0x13, 0xff, 0x21, 0x00, 0x3d, 0x10, 0x6e, 0x07, 0x00, 0x00, 0x00, 0x02,
    0x00, 0xc4, 0x83, 0xe3, 0xfe, 0xc4, 0xe4, 0xb1, 0xff, 0x00, 0xf3, 0x30,
    0x00, 0x00, 0x00, 0x72, 0xfc, 0xff, 0x21, 0x00, 0x3e, 0x10, 0x6e, 0x07,
    0x00, 0x00, 0x00, 0x02, 0x00, 0xe8, 0x1f, 0xc0, 0xfe, 0x4a, 0x38, 0xbb,
    0x01, 0x00, 0x2c, 0x0d, 0x00, 0x00, 0x00, 0xaa, 0xea, 0xff, 0x21, 0x00,
    0x3f, 0x10, 0x6e, 0x07, 0x00, 0x00, 0x00, 0x02, 0x00, 0xbe, 0xaa, 0xc8,
    0xfe, 0xb1, 0x9a, 0xbc, 0xff, 0x6f, 0x14, 0x39, 0x00, 0x00, 0x00, 0x88,
    0x48, 0xff, 0x21, 0x00, 0x40, 0x10, 0x6e, 0x07, 0x00, 0x00, 0x00, 0x02,
    0x00, 0xac, 0xc2, 0xa6, 0x01, 0x9b, 0x5e, 0x62, 0xff, 0x00, 0x2c, 0x0d,
    0x00, 0x00, 0x00, 0x27, 0x5d, 0xff, 0x21, 0x00, 0x41, 0x10, 0x6e, 0x07,
    0x00, 0x00, 0x00, 0x02, 0x00, 0x62, 0x91, 0x45, 0xfe, 0x82, 0x06, 0x69,
    0xfe, 0x00, 0x88, 0x10, 0x00, 0x00, 0x00, 0x3e, 0x29, 0xff, 0x21, 0x00,
    0x42, 0x10, 0x6e, 0x07, 0x00, 0x00, 0x00, 0x02, 0x00, 0xfa, 0xa3, 0x49,
    0xfe, 0x64, 0xa2, 0x61, 0xfe, 0x00, 0x88, 0x10, 0x00, 0x00, 0x00, 0x94,
    0xfe, 0xff, 0x21, 0x00, 0x43, 0x10, 0x6e, 0x07, 0x00, 0x00, 0x00, 0x02,
    0x00, 0x84, 0x94, 0xcb, 0xfe, 0x8e, 0xd1, 0xaf, 0xff, 0x88, 0x32, 0x39,
    0x00, 0x00, 0x00, 0x3f, 0xc9, 0xff, 0x21, 0x00, 0x44, 0x10, 0x6e, 0x07,
    0x00, 0x00, 0x00, 0x02, 0x00, 0x8a, 0x85, 0xc7, 0xfe, 0xd8, 0x86, 0xd6,
    0x01, 0xab, 0xf7, 0x0a, 0x00, 0x00, 0x00, 0xd2, 0xe7, 0xff, 0x21, 0x00,
    0x45, 0x10, 0x6e, 0x07, 0x00, 0x00, 0x00, 0x02, 0x00, 0xdc, 0x76, 0x67,
    0x00, 0x53, 0x39, 0xd7, 0xff, 0x70, 0xc4, 0x25, 0x00, 0x00, 0x00, 0x05,
    0x9b, 0x00, 0x21, 0x00, 0x46, 0x10, 0x6e, 0x07, 0x00, 0x00, 0x00, 0x02,
    0x00, 0x42, 0xae, 0xaf, 0x01, 0x68, 0xe1, 0xe9, 0xfe, 0xd0, 0xc2, 0x0e,
    0x00, 0x00, 0x00, 0xe3, 0x78, 0xff, 0x21, 0x00, 0x47, 0x10, 0x6e, 0x07,
    0x00, 0x00, 0x00, 0x02, 0x00, 0xb0, 0x32, 0xbe, 0x00, 0xf3, 0xe2, 0x29,
    0x00, 0x07, 0x67, 0x25, 0x00, 0x00, 0x00, 0x49, 0x1f, 0x00, 0x27, 0x00,
    0x48, 0x10, 0x6e, 0x07, 0x00, 0x00, 0x00, 0x02, 0x00, 0x82, 0x9e, 0x38,
    0x01, 0xe8, 0xc7, 0x80, 0x01, 0xb9, 0x5f, 0x15, 0x00, 0x00, 0x00, 0x11,
    0x71, 0x00, 0x00, 0x50, 0xfa, 0x00, 0x00, 0xd8, 0x02, 0x00, 0x21, 0x00,
    0x49, 0x10, 0x6e, 0x07, 0x00, 0x00, 0x00, 0x02, 0x00, 0xfe, 0xed, 0x34,
    0xfe, 0x44, 0xab, 0x5a, 0xfe, 0x00, 0x00, 0x0b, 0x00, 0x00, 0x00, 0xea,
    0x93, 0xff, 0x21, 0x1c, 0x4a, 0x10, 0x33, 0x08, 0x00, 0x40, 0x04, 0x02,
    0x00, 0x4e, 0x81, 0xcb, 0x01, 0x70, 0x7d, 0xdf, 0xfe, 0x8e, 0xb4, 0x0e,
    0x00, 0x00, 0x00, 0xaa, 0x6a, 0x01, 0xff, 0xff, 0xff, 0xff, 0xff, 0xff,
    0xff, 0x4e, 0x81, 0xcb, 0x01, 0x70, 0x7d, 0xdf, 0xfe, 0x64, 0x5f, 0x6d,
    0x68, 0x36, 0x00, 0x00, 0x21, 0x1c, 0x4b, 0x10, 0x33, 0x08, 0x00, 0x40,
    0x04, 0x02, 0x00, 0xc8, 0xfd, 0x7f, 0x01, 0xcf, 0x97, 0x80, 0xff, 0x8e,
    0xb4, 0x0e, 0x00, 0x00, 0x00, 0x55, 0x95, 0x01, 0xff, 0xff, 0xff, 0xff,
    0xff, 0xff, 0xff, 0xc8, 0xfd, 0x7f, 0x01, 0xcf, 0x97, 0x80, 0xff, 0x64,
    0x5f, 0x6d, 0x68, 0x36, 0x00, 0x00,
};

inline constexpr uint8_t kState4Tag0d_07[] = {
    0x10, 0x00, 0x21, 0x1c, 0x4b, 0x10, 0x33, 0x08, 0x00, 0x40, 0x04, 0x02,
    0x00, 0xc8, 0xfd, 0x7f, 0x01, 0xcf, 0x97, 0x80, 0xff, 0x8e, 0xb4, 0x0e,
    0x00, 0x00, 0x00, 0x55, 0x95, 0x01, 0xff, 0xff, 0xff, 0xff, 0xff, 0xff,
    0xff, 0xc8, 0xfd, 0x7f, 0x01, 0xcf, 0x97, 0x80, 0xff, 0x64, 0x5f, 0x6d,
    0x68, 0x36, 0x00, 0x00, 0x77, 0x02, 0x4c, 0x10, 0x8b, 0x05, 0x00, 0x00,
    0x04, 0x02, 0x00, 0x7e, 0xc2, 0x9b, 0xfe, 0xee, 0x41, 0xbb, 0x01, 0x38,
    0xaf, 0x0c, 0x00, 0xf5, 0xaa, 0x55, 0x55, 0x61, 0x73, 0xf6, 0xff, 0x5e,
    0xff, 0xff, 0xff, 0x01, 0x01, 0x10, 0x00, 0x01, 0x71, 0x02, 0x4d, 0x10,
    0x8b, 0x05, 0x00, 0x00, 0x04, 0x02, 0x00, 0xdc, 0x91, 0xb2, 0xfe, 0x52,
    0x59, 0xc2, 0x01, 0xa7, 0xae, 0x0c, 0x00, 0x3d, 0x2a, 0x55, 0x15, 0x01,
    0x02, 0x10, 0x00, 0x02, 0x77, 0x02, 0x4e, 0x10, 0x8b, 0x05, 0x00, 0x00,
    0x04, 0x02, 0x00, 0x0a, 0xe9, 0x83, 0xfe, 0x0e, 0x6f, 0xac, 0x01, 0x6d,
    0x50, 0x0d, 0x00, 0x92, 0x2a, 0x54, 0x95, 0x69, 0xac, 0x10, 0x01, 0x00,
    0x06, 0xa2, 0x03, 0x01, 0x03, 0x10, 0x00, 0x03, 0x71, 0x02, 0x4f, 0x10,
    0x8b, 0x05, 0x00, 0x00, 0x04, 0x02, 0x00, 0xd4, 0x86, 0x7d, 0xfe, 0x4a,
    0x29, 0xb9, 0x01, 0xa8, 0xae, 0x0c, 0x00, 0x67, 0x2a, 0x54, 0x95, 0x01,
    0x04, 0x10, 0x00, 0x04, 0x77, 0x02, 0x50, 0x10, 0x8b, 0x05, 0x00, 0x00,
    0x04, 0x02, 0x00, 0xdc, 0x8c, 0x5f, 0xfe, 0x46, 0xef, 0x6d, 0x01, 0x31,
    0xb1, 0x0d, 0x00, 0x71, 0xaa, 0x54, 0xd5, 0x50, 0x1a, 0xe5, 0xff, 0x85,
    0x90, 0x70, 0x00, 0x01, 0x05, 0x10, 0x00, 0x05, 0x71, 0x02, 0x51, 0x10,
    0x8b, 0x05, 0x00, 0x00, 0x04, 0x02, 0x00, 0x80, 0x88, 0x26, 0xad, 0x00,
    0x3b, 0x01, 0xd1, 0x71, 0x71, 0x0b, 0x00, 0x67, 0x2a, 0x54, 0x95, 0x01,
    0x06, 0x10, 0x00, 0x06, 0x71, 0x02, 0x52, 0x10, 0x8b, 0x05, 0x00, 0x00,
    0x04, 0x02, 0x00, 0x80, 0x88, 0x0b, 0xad, 0x80, 0x65, 0x15, 0xd1, 0x71,
    0x71, 0x0b, 0x00, 0x67, 0x2a, 0x54, 0x95, 0x01, 0x07, 0x10, 0x00, 0x07,
    0x71, 0x02, 0x53, 0x10, 0x8b, 0x05, 0x00, 0x00, 0x04, 0x02, 0x00, 0x00,
    0x34, 0x22, 0xad, 0xc0, 0x2c, 0x24, 0xd1, 0x71, 0x71, 0x0b, 0x00, 0x67,
    0x2a, 0x54, 0x95, 0x01, 0x08, 0x10, 0x00, 0x08, 0x71, 0x02, 0x54, 0x10,
    0x8b, 0x05, 0x00, 0x00, 0x04, 0x02, 0x00, 0x80, 0x08, 0x3b, 0xad, 0x80,
    0x65, 0x04, 0xd1, 0x71, 0x71, 0x0b, 0x00, 0x67, 0x2a, 0x54, 0x95, 0x01,
    0x09, 0x10, 0x00, 0x09, 0x71, 0x02, 0x55, 0x10, 0x8b, 0x05, 0x00, 0x00,
    0x04, 0x02, 0x00, 0x80, 0x08, 0x33, 0xad, 0x40, 0x10, 0xdd, 0xd0, 0x71,
    0x71, 0x0b, 0x00, 0x67, 0x2a, 0x54, 0x95, 0x01, 0x0a, 0x10, 0x00, 0x0a,
    0x71, 0x02, 0x56, 0x10, 0x8b, 0x05, 0x00, 0x00, 0x04, 0x02, 0x00, 0x00,
    0x5e, 0xfc, 0xac, 0xc0, 0x65, 0xdf, 0xd0, 0x71, 0x71, 0x0b, 0x00, 0x67,
    0x2a, 0x54, 0x95, 0x01, 0x0b, 0x10, 0x00, 0x0b, 0x71, 0x02, 0x57, 0x10,
    0x8b, 0x05, 0x00, 0x00, 0x04, 0x02, 0x00, 0x00, 0xb3, 0xef, 0xac, 0x00,
    0xbb, 0xeb, 0xd0, 0x71, 0x71, 0x0b, 0x00, 0x67, 0x2a, 0x54, 0x95, 0x01,
    0x0c, 0x10, 0x00, 0x0c, 0x71, 0x02, 0x58, 0x10, 0x8b, 0x05, 0x00, 0x00,
    0x04, 0x02, 0x00, 0x80, 0x88, 0xf9, 0xac, 0x80, 0x65, 0x03, 0xd1, 0x71,
    0x71, 0x0b, 0x00, 0x67, 0x2a, 0x54, 0x95, 0x01, 0x0d, 0x10, 0x00, 0x0d,
    0x71, 0x02, 0x59, 0x10, 0x8b, 0x05, 0x00, 0x00, 0x00, 0x02, 0x00, 0x52,
    0x58, 0xb6, 0x01, 0x33, 0xa0, 0x4c, 0xff, 0xa7, 0xae, 0x0c, 0x00, 0xee,
    0x14, 0xa9, 0x8a, 0x02, 0x0e, 0x10, 0x00, 0x0e, 0x77, 0x02, 0x5a, 0x10,
    0x8b, 0x05, 0x00, 0x00, 0x00, 0x02, 0x00, 0x7a, 0xfd, 0xbe, 0x01, 0xf4,
    0xeb, 0xfb, 0xfe, 0xbc, 0xbb, 0x0c, 0x00, 0x45, 0xc0, 0x00, 0x60, 0xa5,
    0x67, 0xf6, 0x00, 0x0b, 0x26, 0x56, 0x00, 0x02, 0x0f, 0x10, 0x00, 0x0f,
};

inline constexpr uint8_t kState4Tag0d_08[] = {
    0x11, 0x00, 0x77, 0x02, 0x5a, 0x10, 0x8b, 0x05, 0x00, 0x00, 0x00, 0x02,
    0x00, 0x7a, 0xfd, 0xbe, 0x01, 0xf4, 0xeb, 0xfb, 0xfe, 0xbc, 0xbb, 0x0c,
    0x00, 0x45, 0xc0, 0x00, 0x60, 0xa5, 0x67, 0xf6, 0x00, 0x0b, 0x26, 0x56,
    0x00, 0x02, 0x0f, 0x10, 0x00, 0x0f, 0x71, 0x02, 0x5b, 0x10, 0x8b, 0x05,
    0x00, 0x00, 0x00, 0x02, 0x00, 0x80, 0x55, 0x16, 0xad, 0xc0, 0xc6, 0x0b,
    0xd1, 0x71, 0x71, 0x0b, 0x00, 0xc9, 0x3f, 0xff, 0x9f, 0x02, 0x10, 0x10,
    0x00, 0x10, 0x71, 0x02, 0x5c, 0x10, 0x8b, 0x05, 0x00, 0x00, 0x00, 0x02,
    0x00, 0x30, 0x31, 0xb7, 0x01, 0x10, 0xde, 0x2c, 0xff, 0xa7, 0xae, 0x0c,
    0x00, 0xbb, 0xea, 0x55, 0x75, 0x02, 0x11, 0x10, 0x00, 0x11, 0x71, 0x02,
    0x5d, 0x10, 0x8b, 0x05, 0x00, 0x00, 0x00, 0x02, 0x00, 0x00, 0x55, 0x2b,
    0xad, 0xc0, 0x46, 0x12, 0xd1, 0x71, 0x71, 0x0b, 0x00, 0xc9, 0x3f, 0xff,
    0x9f, 0x02, 0x12, 0x10, 0x00, 0x12, 0x71, 0x02, 0x5e, 0x10, 0x8b, 0x05,
    0x00, 0x00, 0x00, 0x02, 0x00, 0xf4, 0xfd, 0xb0, 0x01, 0x07, 0xb1, 0x5d,
    0xff, 0xa7, 0xae, 0x0c, 0x00, 0x00, 0x2c, 0x0a, 0x96, 0x02, 0x13, 0x10,
    0x00, 0x13, 0x71, 0x02, 0x5f, 0x10, 0x8b, 0x05, 0x00, 0x00, 0x00, 0x02,
    0x00, 0x80, 0x2a, 0x3d, 0xad, 0x80, 0x71, 0xf5, 0xd0, 0x71, 0x71, 0x0b,
    0x00, 0xc9, 0x3f, 0xff, 0x9f, 0x02, 0x14, 0x10, 0x00, 0x14, 0x71, 0x02,
    0x60, 0x10, 0x8b, 0x05, 0x00, 0x00, 0x00, 0x02, 0x00, 0xa8, 0xfc, 0xb1,
    0x01, 0x59, 0xfa, 0x54, 0xff, 0xa7, 0xae, 0x0c, 0x00, 0xd5, 0x1a, 0x81,
    0x8d, 0x02, 0x15, 0x10, 0x00, 0x15, 0x71, 0x02, 0x61, 0x10, 0x8b, 0x05,
    0x00, 0x00, 0x00, 0x02, 0x00, 0x00, 0x80, 0x21, 0xad, 0x40, 0x9c, 0xe0,
    0xd0, 0x71, 0x71, 0x0b, 0x00, 0xc9, 0x3f, 0xff, 0x9f, 0x02, 0x16, 0x10,
    0x00, 0x16, 0x71, 0x02, 0x62, 0x10, 0x8b, 0x05, 0x00, 0x00, 0x00, 0x02,
    0x00, 0x80, 0xaa, 0x14, 0xad, 0x40, 0x1c, 0xef, 0xd0, 0x71, 0x71, 0x0b,
    0x00, 0xc9, 0x3f, 0xff, 0x9f, 0x02, 0x17, 0x10, 0x00, 0x17, 0x71, 0x02,
    0x63, 0x10, 0x8b, 0x05, 0x00, 0x00, 0x00, 0x02, 0x00, 0x70, 0x73, 0xc3,
    0x01, 0x56, 0x89, 0x02, 0xff, 0xa7, 0xae, 0x0c, 0x00, 0x37, 0xc0, 0x00,
    0x60, 0x02, 0x18, 0x10, 0x00, 0x18, 0x71, 0x02, 0x64, 0x10, 0x8b, 0x05,
    0x00, 0x00, 0x00, 0x02, 0x00, 0x20, 0x5f, 0xb4, 0x01, 0x3a, 0xd1, 0x43,
    0xff, 0xa7, 0xae, 0x0c, 0x00, 0xc9, 0x3f, 0xff, 0x9f, 0x02, 0x19, 0x10,
    0x00, 0x19, 0x71, 0x02, 0x65, 0x10, 0x8b, 0x05, 0x00, 0x00, 0x00, 0x02,
    0x00, 0x00, 0x00, 0xee, 0xac, 0x00, 0x1c, 0x19, 0xd1, 0x71, 0x71, 0x0b,
    0x00, 0xc9, 0x3f, 0xff, 0x9f, 0x02, 0x1a, 0x10, 0x00, 0x1a, 0x71, 0x02,
    0x66, 0x10, 0x8b, 0x05, 0x00, 0x00, 0x00, 0x02, 0x00, 0x00, 0x00, 0x2d,
    0xad, 0xc0, 0x46, 0xf3, 0xd0, 0x71, 0x71, 0x0b, 0x00, 0xc9, 0x3f, 0xff,
    0x9f, 0x02, 0x1b, 0x10, 0x00, 0x1b, 0x71, 0x02, 0x67, 0x10, 0x8b, 0x05,
    0x00, 0x00, 0x00, 0x02, 0x00, 0x00, 0xd5, 0x0a, 0xad, 0x00, 0x9c, 0xf8,
    0xd0, 0x71, 0x71, 0x0b, 0x00, 0xc9, 0x3f, 0xff, 0x9f, 0x02, 0x1c, 0x10,
    0x00, 0x1c, 0x77, 0x02, 0x68, 0x10, 0x8b, 0x05, 0x00, 0x00, 0x04, 0x02,
    0x00, 0x10, 0xb6, 0x7d, 0xfe, 0x80, 0xfc, 0x96, 0x01, 0x9f, 0x98, 0x0e,
    0x00, 0x92, 0xd4, 0xf4, 0x69, 0x8f, 0xd1, 0xcb, 0xfe, 0x16, 0xfa, 0xbd,
    0x00, 0x01, 0x1d, 0x10, 0x00, 0x1d, 0x77, 0x02, 0x69, 0x10, 0x8b, 0x05,
    0x00, 0x00, 0x04, 0x02, 0x00, 0x4e, 0xf5, 0x6c, 0xfe, 0x2a, 0x8f, 0x89,
    0x01, 0x8e, 0x4d, 0x0e, 0x00, 0x3b, 0xd6, 0xaa, 0x6a, 0x74, 0x37, 0x15,
    0xff, 0xba, 0x10, 0x45, 0xfe, 0x01, 0x1e, 0x10, 0x00, 0x1e, 0x67, 0x02,
    0x6a, 0x10, 0x4f, 0x07, 0x00, 0x00, 0x00, 0x02, 0x00, 0x54, 0xe3, 0x57,
    0xfe, 0xb2, 0xca, 0x9b, 0x01, 0xb6, 0xee, 0x0c, 0x00, 0x51, 0x81, 0xff,
    0xff, 0xb5, 0x0b, 0x0d, 0x00, 0x19, 0xc0, 0xfa, 0xff, 0x2d, 0x10, 0x00,
    0x1f,
};

inline constexpr uint8_t kState4Tag0d_09[] = {
    0x08, 0x00, 0x67, 0x02, 0x6a, 0x10, 0x4f, 0x07, 0x00, 0x00, 0x00, 0x02,
    0x00, 0x54, 0xe3, 0x57, 0xfe, 0xb2, 0xca, 0x9b, 0x01, 0xb6, 0xee, 0x0c,
    0x00, 0x51, 0x81, 0xff, 0xff, 0xb5, 0x0b, 0x0d, 0x00, 0x19, 0xc0, 0xfa,
    0xff, 0x2d, 0x10, 0x00, 0x1f, 0xe7, 0x02, 0x6b, 0x10, 0x4f, 0x07, 0x00,
    0x00, 0x00, 0x02, 0x00, 0xca, 0x3f, 0x53, 0xfe, 0xc0, 0xca, 0x9b, 0x01,
    0x3a, 0xed, 0x0c, 0x00, 0x50, 0x81, 0xff, 0x7f, 0x4b, 0xf4, 0xf2, 0xff,
    0x44, 0x3f, 0x05, 0x00, 0x2d, 0x10, 0x00, 0x1f, 0x01, 0x61, 0x02, 0x6c,
    0x10, 0x4f, 0x07, 0x00, 0x00, 0x00, 0x02, 0x00, 0x3a, 0x3f, 0x26, 0xfe,
    0x6e, 0x65, 0xad, 0x01, 0xd4, 0xeb, 0x0c, 0x00, 0x6d, 0xb3, 0x98, 0x19,
    0x2e, 0x10, 0x00, 0x20, 0xe1, 0x02, 0x6d, 0x10, 0x4f, 0x07, 0x00, 0x00,
    0x00, 0x02, 0x00, 0x6c, 0x7e, 0x22, 0xfe, 0x7e, 0xab, 0xaa, 0x01, 0xd4,
    0xeb, 0x0c, 0x00, 0x6e, 0xb3, 0x98, 0x99, 0x2e, 0x10, 0x00, 0x20, 0x01,
    0x61, 0x02, 0x6e, 0x10, 0x4f, 0x07, 0x00, 0x00, 0x00, 0x02, 0x00, 0x8a,
    0x7b, 0xd0, 0x01, 0x10, 0xce, 0xc4, 0xfe, 0x6c, 0x00, 0x0d, 0x00, 0x1b,
    0x73, 0x1c, 0x07, 0x2f, 0x10, 0x00, 0x21, 0xe1, 0x02, 0x6f, 0x10, 0x4f,
    0x07, 0x00, 0x00, 0x00, 0x02, 0x00, 0x88, 0x1a, 0xcd, 0x01, 0x04, 0xce,
    0xc4, 0xfe, 0x6c, 0x00, 0x0d, 0x00, 0x46, 0x8c, 0xe4, 0x78, 0x2f, 0x10,
    0x00, 0x21, 0x01, 0x61, 0x02, 0x70, 0x10, 0x4f, 0x07, 0x00, 0x00, 0x00,
    0x02, 0x00, 0x56, 0x3a, 0x97, 0x01, 0x14, 0x76, 0x6a, 0xff, 0x6c, 0x00,
    0x0d, 0x00, 0xf5, 0x48, 0xc5, 0x71, 0x30, 0x10, 0x00, 0x22, 0xe1, 0x02,
    0x71, 0x10, 0x4f, 0x07, 0x00, 0x00, 0x00, 0x02, 0x00, 0x66, 0x27, 0x9a,
    0x01, 0x7b, 0xc5, 0x68, 0xff, 0x6c, 0x00, 0x0d, 0x00, 0x93, 0x61, 0x8d,
    0xe3, 0x30, 0x10, 0x00, 0x22, 0x01,
};

inline constexpr uint8_t kState4Tag0cPreGateBytes[] = {
    0x02, 0x00, 0x00, 0x00, 0x03, 0xb9, 0x14, 0x02, 0x00, 0x00, 0x00, 0x6a,
    0x6f, 0x72, 0x65, 0x64, 0x00, 0x01, 0x01, 0xc4, 0xe7, 0x75, 0xfe, 0x48,
    0xa6, 0xc1, 0x01, 0x68, 0xde, 0x0b, 0x00, 0x00, 0x00, 0x4f, 0x5a, 0x01,
    0x00, 0x01, 0x00, 0x02, 0x08, 0x00, 0x00, 0x00, 0x00, 0x00, 0x00, 0x00,
    0xff, 0xff, 0x01, 0x00, 0x03, 0xb9, 0x14, 0x03, 0x00, 0x00, 0x00, 0x6c,
    0x6a, 0x69, 0x6d, 0x00, 0x01, 0x01, 0x35, 0xb3, 0xb8, 0x01, 0xe1, 0x27,
    0xb9, 0xfe, 0x00, 0x00, 0x0b, 0x00, 0x00, 0x00, 0xaa, 0x6a, 0x02, 0x00,
    0x0a, 0x07, 0x82, 0x08, 0x00, 0x00, 0x01, 0x00, 0x00, 0x00, 0x00, 0xff,
    0xff,
};

inline constexpr uint8_t kState4Tag20_00[] = {
    0x00, 0x00, 0x1a, 0x00, 0xdc, 0xa2, 0x01, 0x04, 0xd4, 0x35, 0x01, 0x1a,
    0x5a, 0x39, 0xff, 0x7e, 0x07, 0x1f, 0x00, 0x00, 0x00, 0x00, 0x40, 0x19,
    0x06, 0x9a, 0x04, 0x05, 0xdc, 0xd3, 0x9e, 0xfe, 0x76, 0x44, 0x9f, 0xff,
    0x0a, 0xc3, 0x24, 0x00, 0x00, 0x00, 0xe3, 0x98, 0xff, 0xff, 0x58, 0x07,
    0x9a, 0x04, 0x05, 0xc2, 0x59, 0xa7, 0xfe, 0x22, 0x46, 0x94, 0xff, 0x96,
    0xff, 0x24, 0x00, 0x00, 0x00, 0xe3, 0x98, 0xff, 0xff, 0x5b, 0x07, 0x9a,
    0x04, 0x05, 0x1a, 0x30, 0x2a, 0xfe, 0x9e, 0x63, 0x60, 0xfe, 0x00, 0x00,
    0x0b, 0x00, 0x00, 0x00, 0x8e, 0x43, 0xff, 0xff, 0x5d, 0x07, 0x9a, 0x04,
    0x05, 0xcd, 0x1e, 0x36, 0xfe, 0x7e, 0x00, 0x4b, 0xfe, 0x00, 0x00, 0x0b,
    0x00, 0x00, 0x00, 0x38, 0x6e, 0xff, 0xff, 0x5f, 0x07, 0x9a, 0x04, 0x05,
    0x68, 0xca, 0x87, 0x00, 0x50, 0xb6, 0xfa, 0xff, 0x00, 0x80, 0x23, 0x00,
    0x00, 0x00, 0xe3, 0x98, 0xff, 0xff, 0x60, 0x07, 0x9a, 0x04, 0x05, 0xb3,
    0x35, 0xb4, 0x00, 0xb5, 0xd9, 0x14, 0x00, 0x35, 0x7b, 0x23, 0x00, 0x00,
    0x00, 0xe3, 0x18, 0xff, 0xff, 0x62, 0x07, 0x9a, 0x04, 0x05, 0x88, 0xe7,
    0x8a, 0x01, 0xc3, 0x11, 0x7f, 0x01, 0x00, 0x00, 0x0b, 0x00, 0x00, 0x00,
    0xe3, 0x98, 0xff, 0xff, 0x64, 0x07, 0x9a, 0x04, 0x05, 0x96, 0xc4, 0x97,
    0x01, 0x9b, 0xfe, 0x89, 0x01, 0x00, 0x00, 0x0b, 0x00, 0x00, 0x00, 0xe3,
    0x98, 0xff, 0xff, 0x66, 0x07, 0x9a, 0x04, 0x05, 0x35, 0x49, 0x28, 0xfe,
    0x89, 0x52, 0x60, 0xfe, 0x00, 0x00, 0x0b, 0x00, 0x00, 0x00, 0x00, 0x40,
    0xff, 0xff, 0x5c, 0x07, 0x9a, 0x04, 0x05, 0xaa, 0xcc, 0x88, 0x00, 0x2d,
    0x19, 0xf9, 0xff, 0x00, 0x80, 0x23, 0x00, 0x00, 0x00, 0x55, 0x95, 0xff,
    0xff, 0x61, 0x07, 0x9a, 0x04, 0x05, 0x04, 0x5c, 0xa8, 0xfe, 0xff, 0xa8,
    0x92, 0xff, 0xc9, 0x15, 0x25, 0x00, 0x00, 0x00, 0x55, 0x95, 0xff, 0xff,
    0x5a, 0x07, 0x9a, 0x04, 0x05, 0x77, 0x33, 0xb3, 0x00, 0xd1, 0x76, 0x16,
    0x00, 0x4c, 0x79, 0x23, 0x00, 0x00, 0x00, 0x55, 0x15, 0xff, 0xff, 0x63,
    0x07, 0x9a, 0x04, 0x05, 0x25, 0x3a, 0x35, 0xfe, 0x47, 0x52, 0x49, 0xfe,
    0x00, 0x00, 0x0b, 0x00, 0x00, 0x00, 0xaa, 0x6a, 0xff, 0xff, 0x5e, 0x07,
    0x9a, 0x04, 0x05, 0xca, 0xe9, 0x8b, 0x01, 0xa0, 0x74, 0x7d, 0x01, 0x00,
    0x00, 0x0b, 0x00, 0x00, 0x00, 0x55, 0x95, 0xff, 0xff, 0x65, 0x07, 0x9a,
    0x04, 0x05, 0x1e, 0xd6, 0x9f, 0xfe, 0x53, 0xa7, 0x9d, 0xff, 0xae, 0xaf,
    0x24, 0x00, 0x00, 0x00, 0x55, 0x95, 0xff, 0xff, 0x59, 0x07, 0x9a, 0x04,
    0x05, 0xd8, 0xc6, 0x98, 0x01, 0x78, 0x61, 0x88, 0x01, 0x00, 0x00, 0x0b,
    0x00, 0x00, 0x00, 0x55, 0x95, 0xff, 0xff, 0x67, 0x07, 0xfb, 0x07, 0x01,
    0xd4, 0x3e, 0x07, 0xfe, 0x5d, 0x3b, 0x46, 0xfe, 0xcb, 0x36, 0x01, 0x00,
    0x00, 0x00, 0x00, 0x40, 0xd3, 0x07, 0xfc, 0x07, 0x07, 0xd1, 0x21, 0x4a,
    0xff, 0xea, 0x11, 0x02, 0x01, 0x00, 0x80, 0x09, 0x00, 0x00, 0x00, 0x00,
    0x40, 0x00, 0x00, 0xaa, 0x00, 0xff, 0xff, 0xcf, 0x07, 0xfc, 0x07, 0x17,
    0xfa, 0x7d, 0xd3, 0x00, 0xb2, 0xe5, 0x18, 0xff, 0xce, 0xd5, 0x2d, 0x00,
    0x00, 0x00, 0x00, 0x40, 0x00, 0x00, 0xaa, 0x00, 0xff, 0xff, 0xd0, 0x07,
    0x01, 0x00, 0xfc, 0x07, 0x17, 0x3a, 0xca, 0x35, 0x01, 0x86, 0xd8, 0x85,
    0x01, 0x5c, 0x15, 0x14, 0x00, 0x00, 0x00, 0x00, 0x40, 0x00, 0x00, 0xd2,
    0x00, 0xff, 0xff, 0xd1, 0x07, 0x02, 0x00, 0xfc, 0x07, 0x17, 0x92, 0xbc,
    0x65, 0xfe, 0x94, 0x78, 0x86, 0xfe, 0x00, 0x00, 0x0b, 0x00, 0x00, 0x00,
    0x00, 0x40, 0x00, 0x00, 0xaa, 0x00, 0xff, 0xff, 0xd2, 0x07, 0x03, 0x00,
    0xfc, 0x07, 0x17, 0x67, 0xd4, 0x46, 0xff, 0x46, 0x5b, 0x9a, 0xff, 0x00,
    0x00, 0x17, 0x00, 0x00, 0x00, 0x00, 0x40, 0x00, 0x00, 0x64, 0x00, 0xff,
    0xff, 0xcd, 0x07, 0x04, 0x00, 0xfc, 0x07, 0x17, 0x70, 0xd6, 0x2c, 0x00,
    0xdb, 0x9d, 0x23, 0x00, 0x15, 0x1e, 0x34, 0x00, 0x00, 0x00, 0x00, 0x40,
    0x00, 0x00, 0x64, 0x00, 0xff, 0xff, 0xce, 0x07, 0x05, 0x00, 0x73, 0x17,
    0x05, 0xc4, 0xe7, 0x75, 0xfe, 0x48, 0xa6, 0xc1, 0x01, 0x00, 0x00, 0x0b,
    0x00, 0x00, 0x00, 0x4f, 0x5a, 0xff, 0xff, 0xba, 0x03, 0x73, 0x17, 0x05,
    0xb9, 0x69, 0xa4, 0xfe, 0xfe, 0x56, 0xbb, 0x01, 0x8b, 0x44, 0x0b, 0x00,
    0x00, 0x00, 0x4f, 0x9a, 0xff, 0xff, 0xbb, 0x03,
};

inline constexpr uint8_t kState4Tag20_01[] = {
    0x19, 0x00, 0x1b, 0x00, 0x73, 0x17, 0x05, 0xb9, 0x69, 0xa4, 0xfe, 0xfe,
    0x56, 0xbb, 0x01, 0x8b, 0x44, 0x0b, 0x00, 0x00, 0x00, 0x4f, 0x9a, 0xff,
    0xff, 0xbb, 0x03, 0x73, 0x17, 0x05, 0xba, 0xb2, 0xa2, 0xfe, 0x8e, 0x9d,
    0xbd, 0x01, 0x4e, 0x19, 0x0b, 0x00, 0x00, 0x00, 0x4f, 0x9a, 0xff, 0xff,
    0xbc, 0x03, 0x73, 0x17, 0x05, 0xaa, 0x27, 0xa1, 0xfe, 0xd2, 0xa9, 0xbf,
    0x01, 0x00, 0x00, 0x0b, 0x00, 0x00, 0x00, 0x4f, 0x9a, 0xff, 0xff, 0xbd,
    0x03, 0x73, 0x17, 0x05, 0xb2, 0x8e, 0x9f, 0xfe, 0x87, 0x16, 0xc2, 0x01,
    0x00, 0x00, 0x0b, 0x00, 0x00, 0x00, 0x4f, 0x9a, 0xff, 0xff, 0xbe, 0x03,
    0x73, 0x17, 0x05, 0x7b, 0xb5, 0xa4, 0xfe, 0x41, 0xa4, 0xb7, 0x01, 0x07,
    0x7e, 0x0b, 0x00, 0x00, 0x00, 0x4f, 0x5a, 0xff, 0xff, 0xbf, 0x03, 0x73,
    0x17, 0x05, 0xc7, 0x48, 0xa2, 0xfe, 0x49, 0x0b, 0xb6, 0x01, 0xdc, 0x49,
    0x0b, 0x00, 0x00, 0x00, 0x4f, 0x5a, 0xff, 0xff, 0xc0, 0x03, 0x73, 0x17,
    0x05, 0x80, 0x3c, 0xa0, 0xfe, 0x38, 0x80, 0xb4, 0x01, 0xfd, 0x1c, 0x0b,
    0x00, 0x00, 0x00, 0x4f, 0x5a, 0xff, 0xff, 0xc1, 0x03, 0x73, 0x17, 0x05,
    0xf0, 0xf5, 0x9d, 0xfe, 0x38, 0xc9, 0xb2, 0x01, 0x59, 0x17, 0x0b, 0x00,
    0x00, 0x00, 0x4f, 0x5a, 0xff, 0xff, 0xc2, 0x03, 0x73, 0x17, 0x05, 0x90,
    0x06, 0x98, 0xfe, 0xb3, 0xe4, 0xb9, 0x01, 0x22, 0x00, 0x0b, 0x00, 0x00,
    0x00, 0x55, 0x15, 0xff, 0xff, 0xc3, 0x03, 0x73, 0x17, 0x05, 0xd4, 0x99,
    0x96, 0xfe, 0x6d, 0x5c, 0xbc, 0x01, 0x00, 0x00, 0x0b, 0x00, 0x00, 0x00,
    0x55, 0x15, 0xff, 0xff, 0xc4, 0x03, 0x73, 0x17, 0x05, 0x1a, 0x99, 0x9a,
    0xfe, 0x39, 0x12, 0xb5, 0x01, 0x0d, 0x0d, 0x0b, 0x00, 0x00, 0x00, 0x55,
    0x15, 0xff, 0xff, 0xc5, 0x03, 0x73, 0x17, 0x05, 0xd1, 0x4e, 0x99, 0xfe,
    0x26, 0xac, 0xb7, 0x01, 0x2b, 0x06, 0x0b, 0x00, 0x00, 0x00, 0x55, 0x15,
    0xff, 0xff, 0xc6, 0x03, 0x73, 0x17, 0x05, 0x46, 0x48, 0xa0, 0xfe, 0xdd,
    0xe2, 0xb1, 0x01, 0x34, 0x1e, 0x0b, 0x00, 0x00, 0x00, 0x4f, 0x5a, 0xff,
    0xff, 0xc7, 0x03, 0x73, 0x17, 0x05, 0xd9, 0x8e, 0xa2, 0xfe, 0xdd, 0x99,
    0xb3, 0x01, 0x3a, 0x47, 0x0b, 0x00, 0x00, 0x00, 0x4f, 0x5a, 0xff, 0xff,
    0xc8, 0x03, 0x73, 0x17, 0x05, 0x96, 0x41, 0x73, 0xfe, 0x88, 0x16, 0x81,
    0x01, 0x02, 0x92, 0x0c, 0x00, 0x00, 0x00, 0x2d, 0x38, 0xff, 0xff, 0x8e,
    0x07, 0x73, 0x17, 0x05, 0x9d, 0x89, 0x46, 0xfe, 0xac, 0x94, 0x94, 0x01,
    0x00, 0x00, 0x0b, 0x00, 0x00, 0x00, 0x2d, 0x38, 0xff, 0xff, 0x8f, 0x07,
    0x73, 0x17, 0x05, 0x10, 0x9c, 0x57, 0xfe, 0x4e, 0xd5, 0x80, 0x01, 0x75,
    0xdc, 0x0b, 0x00, 0x00, 0x00, 0x2d, 0x38, 0xff, 0xff, 0x90, 0x07, 0x73,
    0x17, 0x05, 0x61, 0x37, 0x71, 0xfe, 0x9c, 0xb1, 0x9a, 0x01, 0xa7, 0x17,
    0x0c, 0x00, 0x00, 0x00, 0x2d, 0xf8, 0xff, 0xff, 0x91, 0x07, 0x73, 0x17,
    0x05, 0x3c, 0xaa, 0x46, 0xfe, 0xeb, 0x3d, 0x89, 0x01, 0x00, 0x00, 0x0b,
    0x00, 0x00, 0x00, 0x2d, 0x38, 0xff, 0xff, 0x92, 0x07, 0x73, 0x17, 0x05,
    0x26, 0x4f, 0x4e, 0xfe, 0xb3, 0x74, 0x73, 0x01, 0xc5, 0x7b, 0x0b, 0x00,
    0x00, 0x00, 0x2d, 0x38, 0xff, 0xff, 0x93, 0x07, 0x73, 0x17, 0x05, 0x61,
    0x48, 0x46, 0xfe, 0xec, 0xad, 0x78, 0x01, 0x00, 0x00, 0x0b, 0x00, 0x00,
    0x00, 0x2d, 0x38, 0xff, 0xff, 0x94, 0x07, 0x73, 0x17, 0x05, 0xd8, 0x7a,
    0x43, 0xfe, 0x00, 0xa1, 0x7c, 0x01, 0x00, 0x00, 0x0b, 0x00, 0x00, 0x00,
    0x2d, 0x38, 0xff, 0xff, 0x95, 0x07, 0x73, 0x17, 0x05, 0x41, 0xe8, 0x55,
    0xfe, 0xc9, 0x7b, 0x7a, 0x01, 0xd8, 0xea, 0x0b, 0x00, 0x00, 0x00, 0x27,
    0x7d, 0xff, 0xff, 0x96, 0x07, 0x73, 0x17, 0x05, 0x05, 0x1c, 0x54, 0xfe,
    0x15, 0x25, 0x7c, 0x01, 0xc8, 0xe2, 0x0b, 0x00, 0x00, 0x00, 0x27, 0x7d,
    0xff, 0xff, 0x97, 0x07, 0x73, 0x17, 0x05, 0x44, 0x2c, 0x87, 0xfe, 0x60,
    0x85, 0xa2, 0x01, 0x87, 0xd8, 0x0c, 0x00, 0x00, 0x00, 0x55, 0xd5, 0xff,
    0xff, 0x98, 0x07, 0x73, 0x17, 0x05, 0x9d, 0x3a, 0x63, 0xfe, 0x9c, 0xfb,
    0xba, 0x01, 0x00, 0x00, 0x0b, 0x00, 0x00, 0x00, 0x55, 0xd5, 0xff, 0xff,
    0x99, 0x07, 0x73, 0x17, 0x05, 0x11, 0xf1, 0x78, 0xfe, 0xdf, 0x41, 0xa3,
    0x01, 0xf9, 0x08, 0x0c, 0x00, 0x00, 0x00, 0x55, 0xd5, 0xff, 0xff, 0x9a,
    0x07,
};

inline constexpr uint8_t kState4Tag20_02[] = {
    0x33, 0x00, 0x1b, 0x00, 0x73, 0x17, 0x05, 0x11, 0xf1, 0x78, 0xfe, 0xdf,
    0x41, 0xa3, 0x01, 0xf9, 0x08, 0x0c, 0x00, 0x00, 0x00, 0x55, 0xd5, 0xff,
    0xff, 0x9a, 0x07, 0x73, 0x17, 0x05, 0x3a, 0xcb, 0x89, 0xfe, 0x33, 0x6a,
    0x96, 0x01, 0x7d, 0x99, 0x0d, 0x00, 0x00, 0x00, 0x55, 0xd5, 0xff, 0xff,
    0x9b, 0x07, 0x73, 0x17, 0x05, 0x64, 0x65, 0x98, 0xfe, 0x1b, 0x2b, 0x94,
    0x01, 0x11, 0x1b, 0x0e, 0x00, 0x00, 0x00, 0x55, 0xd5, 0xff, 0xff, 0x9c,
    0x07, 0x73, 0x17, 0x05, 0x64, 0xe6, 0x95, 0xfe, 0xd5, 0x61, 0xab, 0x01,
    0x23, 0x2e, 0x0c, 0x00, 0x00, 0x00, 0x55, 0xd5, 0xff, 0xff, 0x9d, 0x07,
    0x73, 0x17, 0x05, 0xca, 0x6d, 0x92, 0xfe, 0xd4, 0x14, 0xa0, 0x01, 0x36,
    0xa1, 0x0d, 0x00, 0x00, 0x00, 0x55, 0xd5, 0xff, 0xff, 0x9e, 0x07, 0x73,
    0x17, 0x05, 0xfe, 0x66, 0x94, 0xfe, 0x9f, 0x66, 0x9f, 0x01, 0x5f, 0xb2,
    0x0d, 0x00, 0x00, 0x00, 0x55, 0xd5, 0xff, 0xff, 0x9f, 0x07, 0x73, 0x17,
    0x05, 0x40, 0xb2, 0x57, 0xfe, 0xa0, 0x4e, 0x8b, 0x01, 0x3e, 0x55, 0x0b,
    0x00, 0x00, 0x00, 0x4f, 0x1a, 0xff, 0xff, 0xa0, 0x07, 0x73, 0x17, 0x05,
    0xa0, 0x24, 0x5a, 0xfe, 0x90, 0x3b, 0x8b, 0x01, 0xce, 0x5b, 0x0b, 0x00,
    0x00, 0x00, 0x4f, 0x1a, 0xff, 0xff, 0xa1, 0x07, 0x73, 0x17, 0x05, 0x65,
    0x21, 0x5b, 0xfe, 0x0d, 0x15, 0xb1, 0x01, 0x00, 0x00, 0x0b, 0x00, 0x00,
    0x00, 0x55, 0xd5, 0xff, 0xff, 0xa2, 0x07, 0x73, 0x17, 0x05, 0x99, 0x1a,
    0x5d, 0xfe, 0xd8, 0x66, 0xb0, 0x01, 0x00, 0x00, 0x0b, 0x00, 0x00, 0x00,
    0x55, 0xd5, 0xff, 0xff, 0xa3, 0x07, 0x73, 0x17, 0x05, 0x53, 0xbb, 0x5d,
    0xfe, 0x57, 0x5f, 0xb2, 0x01, 0x00, 0x00, 0x0b, 0x00, 0x00, 0x00, 0x55,
    0xd5, 0xff, 0xff, 0xa5, 0x07, 0x73, 0x17, 0x05, 0x22, 0x5a, 0x43, 0xfe,
    0x56, 0x33, 0xae, 0x01, 0x00, 0x00, 0x0b, 0x00, 0x00, 0x00, 0x4f, 0xda,
    0xff, 0xff, 0xaa, 0x07, 0x73, 0x17, 0x05, 0x12, 0x47, 0x43, 0xfe, 0xf8,
    0xc0, 0xab, 0x01, 0x00, 0x00, 0x0b, 0x00, 0x00, 0x00, 0x4f, 0xda, 0xff,
    0xff, 0xab, 0x07, 0x73, 0x17, 0x05, 0x1f, 0x9b, 0xa4, 0xfe, 0xef, 0x24,
    0xb5, 0x01, 0x8d, 0x75, 0x0b, 0x00, 0x00, 0x00, 0x4f, 0x5a, 0xff, 0xff,
    0xc9, 0x03, 0x73, 0x17, 0x05, 0xd3, 0x07, 0xa7, 0xfe, 0xe6, 0xbd, 0xb6,
    0x01, 0xa7, 0x9a, 0x0b, 0x00, 0x00, 0x00, 0x4f, 0x5a, 0xff, 0xff, 0xca,
    0x03, 0x73, 0x17, 0x05, 0xb9, 0xf1, 0x95, 0xfe, 0x8c, 0x22, 0xba, 0x01,
    0x00, 0x00, 0x0b, 0x00, 0x00, 0x00, 0x55, 0x15, 0xff, 0xff, 0xcb, 0x03,
    0x73, 0x17, 0x05, 0x75, 0x5e, 0x97, 0xfe, 0xd2, 0xaa, 0xb7, 0x01, 0x67,
    0x02, 0x0b, 0x00, 0x00, 0x00, 0x55, 0x15, 0xff, 0xff, 0xcc, 0x03, 0x73,
    0x17, 0x05, 0xb6, 0xa6, 0x98, 0xfe, 0x45, 0x72, 0xb5, 0x01, 0xc2, 0x08,
    0x0b, 0x00, 0x00, 0x00, 0x55, 0x15, 0xff, 0xff, 0xcd, 0x03, 0x73, 0x17,
    0x05, 0xff, 0xf0, 0x99, 0xfe, 0x58, 0xd8, 0xb2, 0x01, 0x33, 0x11, 0x0b,
    0x00, 0x00, 0x00, 0x55, 0x15, 0xff, 0xff, 0xce, 0x03, 0x73, 0x17, 0x05,
    0x90, 0xbd, 0xa1, 0xfe, 0xa9, 0xc0, 0xc1, 0x01, 0x00, 0x00, 0x0b, 0x00,
    0x00, 0x00, 0x4f, 0x9a, 0xff, 0xff, 0xcf, 0x03, 0x73, 0x17, 0x05, 0x88,
    0x56, 0xa3, 0xfe, 0xf4, 0x53, 0xbf, 0x01, 0x00, 0x00, 0x0b, 0x00, 0x00,
    0x00, 0x4f, 0x9a, 0xff, 0xff, 0xd0, 0x03, 0x73, 0x17, 0x05, 0x98, 0xe1,
    0xa4, 0xfe, 0xb0, 0x47, 0xbd, 0x01, 0xad, 0x1f, 0x0b, 0x00, 0x00, 0x00,
    0x4f, 0x9a, 0xff, 0xff, 0xd1, 0x03, 0x73, 0x17, 0x05, 0x97, 0x98, 0xa6,
    0xfe, 0x20, 0x01, 0xbb, 0x01, 0xea, 0x4a, 0x0b, 0x00, 0x00, 0x00, 0x4f,
    0x9a, 0xff, 0xff, 0xd2, 0x03, 0x73, 0x17, 0x05, 0x3c, 0xea, 0x66, 0xfe,
    0x15, 0x4a, 0xc7, 0x01, 0xdd, 0xf1, 0x0a, 0x00, 0x00, 0x00, 0x55, 0xd5,
    0xff, 0xff, 0xd3, 0x03, 0x73, 0x17, 0x05, 0x2a, 0x84, 0x69, 0xfe, 0x5f,
    0x94, 0xc8, 0x01, 0x1c, 0xff, 0x0a, 0x00, 0x00, 0x00, 0x55, 0xd5, 0xff,
    0xff, 0xd4, 0x03, 0x73, 0x17, 0x05, 0xb9, 0xbc, 0x6b, 0xfe, 0xa1, 0xdc,
    0xc9, 0x01, 0x00, 0x00, 0x0b, 0x00, 0x00, 0x00, 0x55, 0xd5, 0xff, 0xff,
    0xd5, 0x03, 0x73, 0x17, 0x05, 0x74, 0x34, 0x6e, 0xfe, 0x5c, 0x49, 0xcb,
    0x01, 0x00, 0x00, 0x0b, 0x00, 0x00, 0x00, 0x55, 0xd5, 0xff, 0xff, 0xd6,
    0x03,
};

inline constexpr uint8_t kState4Tag20_03[] = {
    0x4d, 0x00, 0x1c, 0x00, 0x73, 0x17, 0x05, 0x74, 0x34, 0x6e, 0xfe, 0x5c,
    0x49, 0xcb, 0x01, 0x00, 0x00, 0x0b, 0x00, 0x00, 0x00, 0x55, 0xd5, 0xff,
    0xff, 0xd6, 0x03, 0x73, 0x17, 0x05, 0x2b, 0xd2, 0x6e, 0xfe, 0xb7, 0x04,
    0xbb, 0x01, 0x00, 0x00, 0x0b, 0x00, 0x00, 0x00, 0x4f, 0x5a, 0xff, 0xff,
    0xd7, 0x03, 0x73, 0x17, 0x05, 0xbd, 0x18, 0x71, 0xfe, 0xb8, 0xbb, 0xbc,
    0x01, 0x00, 0x00, 0x0b, 0x00, 0x00, 0x00, 0x4f, 0x5a, 0xff, 0xff, 0xd8,
    0x03, 0x73, 0x17, 0x05, 0x01, 0x25, 0x73, 0xfe, 0xc8, 0x46, 0xbe, 0x01,
    0x00, 0x00, 0x0b, 0x00, 0x00, 0x00, 0x4f, 0x5a, 0xff, 0xff, 0xd9, 0x03,
    0x73, 0x17, 0x05, 0xb6, 0x91, 0x75, 0xfe, 0xc2, 0xdf, 0xbf, 0x01, 0x00,
    0x00, 0x0b, 0x00, 0x00, 0x00, 0x4f, 0x5a, 0xff, 0xff, 0xda, 0x03, 0x73,
    0x17, 0x05, 0x6f, 0x51, 0x68, 0xfe, 0x76, 0xf8, 0xc0, 0x01, 0x29, 0xf9,
    0x0a, 0x00, 0x00, 0x00, 0x4f, 0x1a, 0xff, 0xff, 0x7f, 0x02, 0x73, 0x17,
    0x05, 0x6e, 0x9a, 0x66, 0xfe, 0x08, 0x3f, 0xc3, 0x01, 0x90, 0xed, 0x0a,
    0x00, 0x00, 0x00, 0x4f, 0x1a, 0xff, 0xff, 0x80, 0x02, 0x73, 0x17, 0x05,
    0xed, 0xb5, 0x6d, 0xfe, 0x6c, 0x2e, 0xc9, 0x01, 0x00, 0x00, 0x0b, 0x00,
    0x00, 0x00, 0x55, 0xd5, 0xff, 0xff, 0x81, 0x02, 0x73, 0x17, 0x05, 0xa8,
    0x2d, 0x70, 0xfe, 0x27, 0x9b, 0xca, 0x01, 0x00, 0x00, 0x0b, 0x00, 0x00,
    0x00, 0x55, 0xd5, 0xff, 0xff, 0x82, 0x02, 0x73, 0x17, 0x05, 0x70, 0xe3,
    0x68, 0xfe, 0xe0, 0x9b, 0xc6, 0x01, 0x0d, 0xfb, 0x0a, 0x00, 0x00, 0x00,
    0x55, 0xd5, 0xff, 0xff, 0x83, 0x02, 0x73, 0x17, 0x05, 0x5e, 0x7d, 0x6b,
    0xfe, 0x2a, 0xe6, 0xc7, 0x01, 0x00, 0x00, 0x0b, 0x00, 0x00, 0x00, 0x55,
    0xd5, 0xff, 0xff, 0x7c, 0x02, 0x73, 0x17, 0x05, 0x7b, 0x75, 0x6b, 0xfe,
    0x7a, 0x7f, 0xbc, 0x01, 0x00, 0x00, 0x0b, 0x00, 0x00, 0x00, 0x4f, 0x1a,
    0xff, 0xff, 0x7d, 0x02, 0x73, 0x17, 0x05, 0x81, 0xdc, 0x69, 0xfe, 0x2f,
    0xec, 0xbe, 0x01, 0x00, 0x00, 0x0b, 0x00, 0x00, 0x00, 0x4f, 0x1a, 0xff,
    0xff, 0x7e, 0x02, 0x73, 0x17, 0x05, 0x13, 0xb4, 0x65, 0xfe, 0xb0, 0xec,
    0xc0, 0x01, 0x15, 0xf4, 0x0a, 0x00, 0x00, 0x00, 0x4f, 0x1a, 0xff, 0xff,
    0xb3, 0x03, 0x73, 0x17, 0x05, 0x14, 0x6b, 0x67, 0xfe, 0x1e, 0xa6, 0xbe,
    0x01, 0x00, 0x00, 0x0b, 0x00, 0x00, 0x00, 0x4f, 0x1a, 0xff, 0xff, 0xb4,
    0x03, 0x73, 0x17, 0x05, 0x26, 0xf6, 0x68, 0xfe, 0xd7, 0x99, 0xbc, 0x01,
    0x00, 0x00, 0x0b, 0x00, 0x00, 0x00, 0x4f, 0x1a, 0xff, 0xff, 0xb5, 0x03,
    0x73, 0x17, 0x05, 0x1b, 0xce, 0x9d, 0xfe, 0x48, 0x5b, 0xb0, 0x01, 0xb9,
    0x3f, 0x0b, 0x00, 0x00, 0x00, 0x4f, 0x5a, 0xff, 0xff, 0x7b, 0x04, 0x73,
    0x17, 0x05, 0x0e, 0x28, 0x64, 0xfe, 0x18, 0x52, 0xc3, 0x01, 0xd3, 0xe5,
    0x0a, 0x00, 0x00, 0x00, 0x4f, 0x1a, 0xff, 0xff, 0x7c, 0x04, 0x73, 0x17,
    0x05, 0x20, 0x8f, 0x6a, 0xfe, 0x22, 0x2d, 0xba, 0x01, 0x00, 0x00, 0x0b,
    0x00, 0x00, 0x00, 0x4f, 0x1a, 0xff, 0xff, 0xb6, 0x03, 0x73, 0x17, 0x05,
    0x39, 0x28, 0x6f, 0xfe, 0x3d, 0xcb, 0xbc, 0x01, 0x00, 0x00, 0x0b, 0x00,
    0x00, 0x00, 0x4f, 0x5a, 0xff, 0xff, 0xb7, 0x03, 0x73, 0x17, 0x05, 0xcb,
    0x6e, 0x71, 0xfe, 0x3e, 0x82, 0xbe, 0x01, 0x00, 0x00, 0x0b, 0x00, 0x00,
    0x00, 0x4f, 0x5a, 0xff, 0xff, 0xb8, 0x03, 0x73, 0x17, 0x05, 0x0f, 0x7b,
    0x73, 0xfe, 0x4e, 0x0d, 0xc0, 0x01, 0x00, 0x00, 0x0b, 0x00, 0x00, 0x00,
    0x4f, 0x5a, 0xff, 0xff, 0xb9, 0x03, 0x74, 0x17, 0x01, 0xcf, 0x74, 0xbb,
    0x01, 0x48, 0x8c, 0x53, 0xff, 0x00, 0x00, 0x0b, 0x00, 0x00, 0x00, 0x00,
    0x80, 0x35, 0x04, 0x74, 0x17, 0x01, 0x62, 0x89, 0xdb, 0x01, 0xa6, 0x25,
    0x1f, 0xff, 0x00, 0x00, 0x0b, 0x00, 0x00, 0x00, 0x00, 0x80, 0x36, 0x04,
    0x74, 0x17, 0x01, 0x01, 0xa6, 0xda, 0x01, 0x85, 0x63, 0x1a, 0xff, 0x9a,
    0xff, 0x0a, 0x00, 0x00, 0x00, 0x00, 0x80, 0x37, 0x04, 0x74, 0x17, 0x01,
    0xdc, 0xa9, 0xdb, 0x01, 0x52, 0xe9, 0x1b, 0xff, 0x00, 0x00, 0x0b, 0x00,
    0x00, 0x00, 0x00, 0x80, 0x38, 0x04, 0x74, 0x17, 0x01, 0x89, 0x85, 0xda,
    0x01, 0x1e, 0x6f, 0x1d, 0xff, 0x00, 0x00, 0x0b, 0x00, 0x00, 0x00, 0x00,
    0x80, 0x39, 0x04, 0x74, 0x17, 0x01, 0x1b, 0xbb, 0x96, 0x01, 0xd9, 0x7a,
    0x27, 0xff, 0xa9, 0x87, 0x0c, 0x00, 0x00, 0x00, 0xab, 0x6a, 0x3a, 0x04,
};

inline constexpr uint8_t kState4Tag20_04[] = {
    0x68, 0x00, 0x1e, 0x00, 0x74, 0x17, 0x01, 0x1b, 0xbb, 0x96, 0x01, 0xd9,
    0x7a, 0x27, 0xff, 0xa9, 0x87, 0x0c, 0x00, 0x00, 0x00, 0xab, 0x6a, 0x3a,
    0x04, 0x74, 0x17, 0x01, 0x5d, 0xf8, 0x81, 0x01, 0x3d, 0xce, 0x25, 0xff,
    0xba, 0xff, 0x0c, 0x00, 0x00, 0x00, 0xab, 0x6a, 0x3b, 0x04, 0x74, 0x17,
    0x01, 0x54, 0x68, 0x80, 0x01, 0x3b, 0x30, 0x18, 0xff, 0x32, 0x40, 0x0e,
    0x00, 0x00, 0x00, 0xab, 0x6a, 0x3c, 0x04, 0x74, 0x17, 0x01, 0xfd, 0x42,
    0x91, 0x01, 0x71, 0xeb, 0x0d, 0xff, 0x1b, 0x14, 0x0e, 0x00, 0x00, 0x00,
    0xab, 0x6a, 0x3d, 0x04, 0x74, 0x17, 0x01, 0xec, 0x90, 0xc6, 0x01, 0xa3,
    0x0c, 0x40, 0xff, 0xec, 0xff, 0x0a, 0x00, 0x00, 0x00, 0x00, 0x80, 0x3e,
    0x04, 0x74, 0x17, 0x01, 0xfe, 0xb0, 0x90, 0x01, 0x9a, 0x50, 0x38, 0xff,
    0x5a, 0x54, 0x0c, 0x00, 0x00, 0x00, 0xab, 0x6a, 0x3f, 0x04, 0x74, 0x17,
    0x01, 0xec, 0x54, 0x92, 0x01, 0x40, 0x20, 0x39, 0xff, 0x0d, 0xfa, 0x0b,
    0x00, 0x00, 0x00, 0xab, 0x6a, 0x40, 0x04, 0x74, 0x17, 0x01, 0xa8, 0x1a,
    0x92, 0x01, 0xfc, 0x03, 0x3b, 0xff, 0x4b, 0xd4, 0x0b, 0x00, 0x00, 0x00,
    0xab, 0x6a, 0x41, 0x04, 0x74, 0x17, 0x01, 0x17, 0x38, 0xc8, 0x01, 0xcf,
    0x99, 0x4e, 0xff, 0x1b, 0xfe, 0x0a, 0x00, 0x00, 0x00, 0x00, 0x80, 0x42,
    0x04, 0x74, 0x17, 0x01, 0xb6, 0x54, 0xc7, 0x01, 0xb0, 0xd7, 0x49, 0xff,
    0x98, 0xf8, 0x0a, 0x00, 0x00, 0x00, 0x00, 0x80, 0x43, 0x04, 0x74, 0x17,
    0x01, 0x14, 0xdc, 0xa7, 0x01, 0x4f, 0x5a, 0xc4, 0xfe, 0x7e, 0x7b, 0x0d,
    0x00, 0x00, 0x00, 0xaa, 0x6a, 0xac, 0x07, 0x74, 0x17, 0x01, 0xc2, 0xae,
    0xa7, 0x01, 0x9e, 0x71, 0xce, 0xfe, 0xcf, 0x09, 0x0d, 0x00, 0x00, 0x00,
    0xaa, 0x6a, 0xad, 0x07, 0x74, 0x17, 0x01, 0xc1, 0xee, 0xb9, 0x01, 0xab,
    0xb8, 0xfd, 0xfe, 0xb3, 0x9f, 0x0b, 0x00, 0x00, 0x00, 0xaa, 0x6a, 0xae,
    0x07, 0x74, 0x17, 0x01, 0x8d, 0x35, 0xb9, 0x01, 0xc0, 0x87, 0xe9, 0xfe,
    0x42, 0x31, 0x0b, 0x00, 0x00, 0x00, 0xaa, 0x6a, 0xaf, 0x07, 0x74, 0x17,
    0x01, 0x28, 0x01, 0xc3, 0x01, 0x0e, 0xa5, 0xf4, 0xfe, 0x00, 0x00, 0x0b,
    0x00, 0x00, 0x00, 0xaa, 0x6a, 0xb0, 0x07, 0x74, 0x17, 0x01, 0xaa, 0x5a,
    0xb2, 0x01, 0x48, 0x4b, 0xd5, 0xfe, 0x00, 0x00, 0x0b, 0x00, 0x00, 0x00,
    0xaa, 0x6a, 0xb1, 0x07, 0x74, 0x17, 0x01, 0x94, 0x56, 0xaa, 0x01, 0x67,
    0xf8, 0xdf, 0xfe, 0x2b, 0x32, 0x0d, 0x00, 0x00, 0x00, 0xaa, 0x6a, 0xb2,
    0x07, 0x74, 0x17, 0x01, 0xc7, 0x56, 0xb6, 0x01, 0x52, 0xba, 0x62, 0xff,
    0x00, 0x00, 0x0b, 0x00, 0x00, 0x00, 0xaa, 0x6a, 0xb3, 0x07, 0x74, 0x17,
    0x01, 0x39, 0xfd, 0xbd, 0x01, 0xc8, 0xb3, 0xd5, 0xfe, 0x00, 0x00, 0x0b,
    0x00, 0x00, 0x00, 0xaa, 0x6a, 0xb4, 0x07, 0x74, 0x17, 0x01, 0xfd, 0x43,
    0xbd, 0x01, 0xbb, 0xad, 0xdd, 0xfe, 0x00, 0x00, 0x0b, 0x00, 0x00, 0x00,
    0xaa, 0x6a, 0xb5, 0x07, 0x74, 0x17, 0x01, 0x59, 0x4c, 0xcb, 0x01, 0x81,
    0xec, 0x0a, 0xff, 0x00, 0x00, 0x0b, 0x00, 0x00, 0x00, 0xaa, 0x6a, 0xb6,
    0x07, 0x74, 0x17, 0x01, 0xd7, 0x36, 0xd0, 0x01, 0x46, 0xef, 0x3c, 0xff,
    0x00, 0x00, 0x0b, 0x00, 0x00, 0x00, 0x55, 0x15, 0xb7, 0x07, 0x74, 0x17,
    0x01, 0x35, 0xb3, 0xb8, 0x01, 0xe1, 0x27, 0xb9, 0xfe, 0x00, 0x00, 0x0b,
    0x00, 0x00, 0x00, 0xaa, 0x6a, 0xb8, 0x07, 0x74, 0x17, 0x01, 0xbd, 0x19,
    0xae, 0x01, 0xc1, 0xff, 0xc8, 0xfe, 0x95, 0xb0, 0x0b, 0x00, 0x00, 0x00,
    0xaa, 0x6a, 0xb9, 0x07, 0x74, 0x17, 0x01, 0xe2, 0x9a, 0xd1, 0x01, 0x9c,
    0x56, 0x36, 0xff, 0x00, 0x00, 0x0b, 0x00, 0x00, 0x00, 0x55, 0x15, 0xba,
    0x07, 0x74, 0x17, 0x01, 0x30, 0x8f, 0xa9, 0x01, 0xe8, 0xc6, 0xb8, 0xfe,
    0x96, 0x85, 0x0c, 0x00, 0x00, 0x00, 0xaa, 0x6a, 0xbb, 0x07, 0x74, 0x17,
    0x01, 0x96, 0xe0, 0xcf, 0x01, 0xbe, 0x13, 0x39, 0xff, 0x00, 0x00, 0x0b,
    0x00, 0x00, 0x00, 0x55, 0x15, 0xbc, 0x07, 0x74, 0x17, 0x01, 0xac, 0xa0,
    0xd1, 0x01, 0x54, 0x54, 0x38, 0xff, 0x00, 0x00, 0x0b, 0x00, 0x00, 0x00,
    0x55, 0x15, 0xbd, 0x07, 0x74, 0x17, 0x01, 0x90, 0x1f, 0xc3, 0x01, 0x22,
    0x57, 0xe4, 0xfe, 0x00, 0x00, 0x0b, 0x00, 0x00, 0x00, 0xaa, 0x6a, 0xbe,
    0x07, 0x74, 0x17, 0x01, 0xe4, 0x45, 0xb9, 0x01, 0xf4, 0x10, 0x47, 0xff,
    0x00, 0x00, 0x0b, 0x00, 0x00, 0x00, 0xaa, 0x6a, 0xbf, 0x07,
};

inline constexpr uint8_t kState4Tag20_05[] = {
    0x85, 0x00, 0x1e, 0x00, 0x74, 0x17, 0x01, 0xe4, 0x45, 0xb9, 0x01, 0xf4,
    0x10, 0x47, 0xff, 0x00, 0x00, 0x0b, 0x00, 0x00, 0x00, 0xaa, 0x6a, 0xbf,
    0x07, 0x74, 0x17, 0x01, 0x4c, 0x82, 0xb8, 0x01, 0x4a, 0xf1, 0x6d, 0xff,
    0x00, 0x00, 0x0b, 0x00, 0x00, 0x00, 0xaa, 0x6a, 0xc4, 0x07, 0x74, 0x17,
    0x01, 0x15, 0x68, 0xb0, 0x01, 0x7d, 0x9d, 0x6d, 0xff, 0x00, 0x00, 0x0b,
    0x00, 0x00, 0x00, 0xaa, 0x6a, 0xc6, 0x07, 0x74, 0x17, 0x01, 0x16, 0xa5,
    0xb2, 0x01, 0x61, 0x0c, 0x70, 0xff, 0x00, 0x00, 0x0b, 0x00, 0x00, 0x00,
    0xaa, 0x6a, 0xc7, 0x07, 0x74, 0x17, 0x01, 0xeb, 0x5e, 0xb2, 0x01, 0x22,
    0xfb, 0x74, 0xff, 0x00, 0x00, 0x0b, 0x00, 0x00, 0x00, 0xaa, 0x6a, 0xc8,
    0x07, 0x74, 0x17, 0x01, 0xdc, 0x2b, 0xb4, 0x01, 0x1c, 0x6b, 0x78, 0xff,
    0x00, 0x00, 0x0b, 0x00, 0x00, 0x00, 0xaa, 0x6a, 0xc9, 0x07, 0x74, 0x17,
    0x01, 0x90, 0x58, 0xc8, 0x01, 0x7e, 0x5d, 0x4b, 0xff, 0x3d, 0xf6, 0x0a,
    0x00, 0x00, 0x00, 0x00, 0x80, 0x44, 0x04, 0x74, 0x17, 0x01, 0x3d, 0x34,
    0xc7, 0x01, 0x46, 0xe3, 0x4c, 0xff, 0x0c, 0xff, 0x0a, 0x00, 0x00, 0x00,
    0x00, 0x80, 0x45, 0x04, 0x74, 0x17, 0x01, 0xe3, 0xfe, 0xca, 0x01, 0xda,
    0x7b, 0xf4, 0xfe, 0x00, 0x00, 0x0b, 0x00, 0x00, 0x00, 0x56, 0xd5, 0x46,
    0x04, 0x74, 0x17, 0x01, 0x87, 0x8f, 0xcf, 0x01, 0x00, 0x18, 0xf6, 0xfe,
    0x00, 0x00, 0x0b, 0x00, 0x00, 0x00, 0x56, 0xd5, 0x47, 0x04, 0x74, 0x17,
    0x01, 0x03, 0xbc, 0xcd, 0x01, 0x25, 0x36, 0xf6, 0xfe, 0x00, 0x00, 0x0b,
    0x00, 0x00, 0x00, 0x56, 0xd5, 0x48, 0x04, 0x74, 0x17, 0x01, 0x9a, 0xfc,
    0xcc, 0x01, 0x12, 0x76, 0xf4, 0xfe, 0x00, 0x00, 0x0b, 0x00, 0x00, 0x00,
    0x56, 0xd5, 0x49, 0x04, 0x74, 0x17, 0x01, 0x89, 0xf7, 0xce, 0x01, 0xe4,
    0x0a, 0xf4, 0xfe, 0x00, 0x00, 0x0b, 0x00, 0x00, 0x00, 0x56, 0xd5, 0x4a,
    0x04, 0x74, 0x17, 0x01, 0x2d, 0x88, 0xd3, 0x01, 0x0a, 0xa7, 0xf5, 0xfe,
    0x00, 0x00, 0x0b, 0x00, 0x00, 0x00, 0x56, 0xd5, 0x4b, 0x04, 0x74, 0x17,
    0x01, 0xa9, 0xb4, 0xd1, 0x01, 0x2f, 0xc5, 0xf5, 0xfe, 0x00, 0x00, 0x0b,
    0x00, 0x00, 0x00, 0x56, 0xd5, 0x4c, 0x04, 0x74, 0x17, 0x01, 0x40, 0xf5,
    0xd0, 0x01, 0x1c, 0x05, 0xf4, 0xfe, 0x00, 0x00, 0x0b, 0x00, 0x00, 0x00,
    0x56, 0xd5, 0x4d, 0x04, 0x74, 0x17, 0x01, 0xf7, 0x33, 0xd3, 0x01, 0xb4,
    0xdd, 0xf3, 0xfe, 0x00, 0x00, 0x0b, 0x00, 0x00, 0x00, 0x56, 0xd5, 0x4e,
    0x04, 0x74, 0x17, 0x01, 0x9b, 0xc4, 0xd7, 0x01, 0xda, 0x79, 0xf5, 0xfe,
    0x00, 0x00, 0x0b, 0x00, 0x00, 0x00, 0x56, 0xd5, 0x4f, 0x04, 0x74, 0x17,
    0x01, 0x17, 0xf1, 0xd5, 0x01, 0xff, 0x97, 0xf5, 0xfe, 0x00, 0x00, 0x0b,
    0x00, 0x00, 0x00, 0x56, 0xd5, 0x50, 0x04, 0x74, 0x17, 0x01, 0xae, 0x31,
    0xd5, 0x01, 0xec, 0xd7, 0xf3, 0xfe, 0x00, 0x00, 0x0b, 0x00, 0x00, 0x00,
    0x56, 0xd5, 0x51, 0x04, 0x74, 0x17, 0x01, 0x78, 0xb4, 0xca, 0x01, 0xb4,
    0xf3, 0xfd, 0xfe, 0x00, 0x00, 0x0b, 0x00, 0x00, 0x00, 0x00, 0x40, 0x1e,
    0x04, 0x74, 0x17, 0x01, 0x37, 0xf8, 0x93, 0x01, 0x6d, 0x8f, 0x02, 0xff,
    0x3e, 0xe0, 0x0d, 0x00, 0x00, 0x00, 0x55, 0x55, 0x1f, 0x04, 0x74, 0x17,
    0x01, 0x86, 0x5b, 0x9d, 0x01, 0x0b, 0x4a, 0x0f, 0xff, 0xc9, 0xcb, 0x0c,
    0x00, 0x00, 0x00, 0x55, 0x55, 0x20, 0x04, 0x74, 0x17, 0x01, 0x81, 0x0e,
    0x95, 0x01, 0x90, 0xbd, 0x1b, 0xff, 0x5f, 0x9c, 0x0d, 0x00, 0x00, 0x00,
    0x55, 0x55, 0x21, 0x04, 0x74, 0x17, 0x01, 0xc2, 0xa2, 0xd2, 0x01, 0xd4,
    0xd7, 0xfa, 0xfe, 0x00, 0x00, 0x0b, 0x00, 0x00, 0x00, 0x00, 0x40, 0x22,
    0x04, 0x74, 0x17, 0x01, 0xb6, 0xd1, 0x8f, 0x01, 0x0f, 0x10, 0xfb, 0xfe,
    0xe4, 0x95, 0x0e, 0x00, 0x00, 0x00, 0x55, 0x55, 0x23, 0x04, 0x74, 0x17,
    0x01, 0x66, 0x66, 0xcf, 0x01, 0x58, 0xb7, 0xfa, 0xfe, 0x00, 0x00, 0x0b,
    0x00, 0x00, 0x00, 0x00, 0x40, 0x24, 0x04, 0x74, 0x17, 0x01, 0x38, 0xec,
    0xd0, 0x01, 0xb4, 0xdb, 0xfb, 0xfe, 0x00, 0x00, 0x0b, 0x00, 0x00, 0x00,
    0x00, 0x40, 0x25, 0x04, 0x74, 0x17, 0x01, 0xf8, 0xf3, 0xd2, 0x01, 0x58,
    0xcf, 0xfc, 0xfe, 0x00, 0x00, 0x0b, 0x00, 0x00, 0x00, 0x00, 0x40, 0x27,
    0x04, 0x74, 0x17, 0x01, 0xc8, 0x79, 0xd4, 0x01, 0x78, 0xcb, 0xfb, 0xfe,
    0x00, 0x00, 0x0b, 0x00, 0x00, 0x00, 0x00, 0x40, 0x28, 0x04,
};

inline constexpr uint8_t kState4Tag20_06[] = {
    0xa2, 0x00, 0x1d, 0x00, 0x74, 0x17, 0x01, 0xc8, 0x79, 0xd4, 0x01, 0x78,
    0xcb, 0xfb, 0xfe, 0x00, 0x00, 0x0b, 0x00, 0x00, 0x00, 0x00, 0x40, 0x28,
    0x04, 0x74, 0x17, 0x01, 0x82, 0xd2, 0xcf, 0x01, 0x8d, 0x1e, 0x30, 0xff,
    0x00, 0x00, 0x0b, 0x00, 0x00, 0x00, 0x00, 0x80, 0x2a, 0x04, 0x74, 0x17,
    0x01, 0x1e, 0xef, 0xce, 0x01, 0x64, 0x5c, 0x2b, 0xff, 0x00, 0x00, 0x0b,
    0x00, 0x00, 0x00, 0x00, 0x80, 0x2b, 0x04, 0x74, 0x17, 0x01, 0xfd, 0xf2,
    0xcf, 0x01, 0x33, 0xe2, 0x2c, 0xff, 0x00, 0x00, 0x0b, 0x00, 0x00, 0x00,
    0x00, 0x80, 0x2c, 0x04, 0x74, 0x17, 0x01, 0xa4, 0xce, 0xce, 0x01, 0x02,
    0x68, 0x2e, 0xff, 0x00, 0x00, 0x0b, 0x00, 0x00, 0x00, 0x00, 0x80, 0x2d,
    0x04, 0x74, 0x17, 0x01, 0x1d, 0x6e, 0xd6, 0x01, 0x0c, 0x0c, 0x14, 0xff,
    0x00, 0x00, 0x0b, 0x00, 0x00, 0x00, 0x00, 0x80, 0x2e, 0x04, 0x74, 0x17,
    0x01, 0xbb, 0x8a, 0xd5, 0x01, 0xeb, 0x49, 0x0f, 0xff, 0x00, 0x00, 0x0b,
    0x00, 0x00, 0x00, 0x00, 0x80, 0x2f, 0x04, 0x74, 0x17, 0x01, 0x96, 0x8e,
    0xd6, 0x01, 0xb9, 0xcf, 0x10, 0xff, 0x00, 0x00, 0x0b, 0x00, 0x00, 0x00,
    0x00, 0x80, 0x30, 0x04, 0x74, 0x17, 0x01, 0x42, 0x6a, 0xd5, 0x01, 0x82,
    0x55, 0x12, 0xff, 0x00, 0x00, 0x0b, 0x00, 0x00, 0x00, 0x00, 0x80, 0x31,
    0x04, 0x74, 0x17, 0x01, 0xab, 0x78, 0xbc, 0x01, 0xd1, 0x42, 0x55, 0xff,
    0x00, 0x00, 0x0b, 0x00, 0x00, 0x00, 0x00, 0x80, 0x32, 0x04, 0x74, 0x17,
    0x01, 0x00, 0xa6, 0xda, 0x01, 0xde, 0xab, 0x21, 0xff, 0x00, 0x00, 0x0b,
    0x00, 0x00, 0x00, 0x00, 0x80, 0x33, 0x04, 0x74, 0x17, 0x01, 0xde, 0xa9,
    0xdb, 0x01, 0xad, 0x31, 0x23, 0xff, 0x00, 0x00, 0x0b, 0x00, 0x00, 0x00,
    0x00, 0x80, 0x34, 0x04, 0x75, 0x17, 0x07, 0x20, 0x14, 0x26, 0x02, 0x9c,
    0x4f, 0x7a, 0x02, 0x00, 0x00, 0x0c, 0x00, 0x00, 0x00, 0x00, 0x40, 0x00,
    0x00, 0x01, 0x00, 0xff, 0xff, 0x1f, 0x03, 0x75, 0x17, 0x07, 0x34, 0xf3,
    0x2c, 0x02, 0x84, 0x6a, 0x77, 0x02, 0x00, 0x00, 0x0c, 0x00, 0x00, 0x00,
    0xaa, 0x2a, 0x00, 0x00, 0x01, 0x00, 0xff, 0xff, 0x20, 0x03, 0xd7, 0x17,
    0x05, 0x8e, 0xde, 0x4d, 0xff, 0xb2, 0x00, 0xc3, 0xff, 0xac, 0x1a, 0x1d,
    0x00, 0x00, 0x00, 0x00, 0x40, 0xff, 0xff, 0x1a, 0x06, 0xd8, 0x17, 0x05,
    0x41, 0xdc, 0x22, 0xff, 0x46, 0x7e, 0x7d, 0xff, 0x64, 0xb8, 0x1c, 0x00,
    0x00, 0x00, 0x00, 0x40, 0xff, 0xff, 0x1b, 0x06, 0xd9, 0x17, 0x01, 0x4a,
    0x32, 0x99, 0x01, 0x38, 0xc0, 0x9d, 0xff, 0xb2, 0xbb, 0x09, 0x00, 0x00,
    0x00, 0x00, 0x40, 0x1f, 0x06, 0xd9, 0x17, 0x01, 0x20, 0x49, 0x7f, 0x01,
    0xee, 0xb8, 0xa4, 0xff, 0xcb, 0x80, 0x09, 0x00, 0x00, 0x00, 0x00, 0x40,
    0x20, 0x06, 0xd9, 0x17, 0x01, 0xe2, 0xa8, 0xd1, 0xfe, 0x5e, 0xb6, 0xc3,
    0x01, 0xe1, 0xd6, 0x09, 0x00, 0x00, 0x00, 0x00, 0x40, 0x21, 0x06, 0xd9,
    0x17, 0x01, 0xea, 0x6a, 0x80, 0xff, 0x7c, 0x7a, 0x01, 0x01, 0x00, 0x00,
    0x0a, 0x00, 0x00, 0x00, 0x00, 0x40, 0x22, 0x06, 0xd9, 0x17, 0x01, 0x76,
    0x6a, 0xda, 0x01, 0xce, 0x0d, 0x42, 0xff, 0x75, 0x10, 0x0a, 0x00, 0x00,
    0x00, 0x00, 0x40, 0x23, 0x06, 0xd9, 0x17, 0x01, 0xaa, 0x27, 0xd3, 0x01,
    0xd8, 0xe8, 0x55, 0xff, 0x71, 0xfc, 0x09, 0x00, 0x00, 0x00, 0x00, 0x40,
    0x24, 0x06, 0xd9, 0x17, 0x01, 0xce, 0xd8, 0x36, 0xfe, 0x74, 0xd2, 0xc7,
    0x00, 0xa9, 0xf3, 0x09, 0x00, 0x00, 0x00, 0x00, 0x40, 0x1c, 0x06, 0xd9,
    0x17, 0x01, 0x32, 0xae, 0x7a, 0xfe, 0xda, 0xbd, 0x72, 0x01, 0xf7, 0xdc,
    0x09, 0x00, 0x00, 0x00, 0x00, 0x40, 0x1d, 0x06, 0xd9, 0x17, 0x01, 0x2c,
    0xee, 0x41, 0xfe, 0x8a, 0x20, 0xb4, 0x01, 0xf2, 0x01, 0x0a, 0x00, 0x00,
    0x00, 0x00, 0x40, 0x1e, 0x06, 0xda, 0x17, 0x01, 0xb4, 0x76, 0x8a, 0xfe,
    0x3e, 0x9d, 0x71, 0x01, 0x00, 0x80, 0x09, 0x00, 0x00, 0x00, 0x00, 0x40,
    0x26, 0x06, 0xda, 0x17, 0x01, 0xee, 0xdc, 0xf6, 0xfe, 0x00, 0xe9, 0xaa,
    0x01, 0x6d, 0x17, 0x0a, 0x00, 0x00, 0x00, 0x00, 0x40, 0x27, 0x06, 0xda,
    0x17, 0x01, 0xb3, 0x9f, 0x3a, 0xff, 0x06, 0x94, 0x0e, 0x01, 0x00, 0x80,
    0x09, 0x00, 0x00, 0x00, 0x00, 0x40, 0x28, 0x06, 0xda, 0x17, 0x01, 0x7e,
    0x07, 0xe7, 0x01, 0x62, 0xc0, 0x05, 0xff, 0x00, 0x00, 0x0a, 0x00, 0x00,
    0x00, 0x00, 0x40, 0x29, 0x06,
};

inline constexpr uint8_t kState4Tag20_07[] = {
    0xbe, 0x00, 0x1c, 0x00, 0xda, 0x17, 0x01, 0x7e, 0x07, 0xe7, 0x01, 0x62,
    0xc0, 0x05, 0xff, 0x00, 0x00, 0x0a, 0x00, 0x00, 0x00, 0x00, 0x40, 0x29,
    0x06, 0xda, 0x17, 0x01, 0x20, 0xf1, 0x38, 0xfe, 0xf6, 0xc2, 0x78, 0x00,
    0xbb, 0xc0, 0x09, 0x00, 0x00, 0x00, 0x00, 0x40, 0x2a, 0x06, 0xda, 0x17,
    0x01, 0xa2, 0xbe, 0xe3, 0x01, 0x03, 0x40, 0x51, 0xff, 0x24, 0xe4, 0x07,
    0x00, 0x00, 0x00, 0x00, 0x40, 0x2b, 0x06, 0xda, 0x17, 0x01, 0x10, 0xb3,
    0xa4, 0x01, 0x03, 0xb7, 0xae, 0xff, 0x00, 0x80, 0x09, 0x00, 0x00, 0x00,
    0x00, 0x40, 0x2c, 0x06, 0xda, 0x17, 0x01, 0x8c, 0x51, 0x2c, 0xfe, 0x80,
    0x40, 0xd4, 0x01, 0x15, 0xee, 0x09, 0x00, 0x00, 0x00, 0x00, 0x40, 0x25,
    0x06, 0xdb, 0x17, 0x05, 0xfa, 0x55, 0x26, 0xff, 0xf8, 0x1f, 0x97, 0xff,
    0xdc, 0x09, 0x1a, 0x00, 0x00, 0x00, 0x00, 0x40, 0xff, 0xff, 0x2e, 0x06,
    0xdb, 0x17, 0x01, 0x6d, 0x32, 0xa0, 0xff, 0xa2, 0x36, 0x0d, 0x01, 0x00,
    0x00, 0x0b, 0x00, 0x00, 0x00, 0x00, 0x40, 0x2f, 0x06, 0xdb, 0x17, 0x01,
    0x46, 0x55, 0xd2, 0x00, 0xa5, 0xe1, 0x0a, 0xff, 0x63, 0x8c, 0x29, 0x00,
    0x00, 0x00, 0x00, 0x40, 0x30, 0x06, 0xdb, 0x17, 0x05, 0xe6, 0x8b, 0xb9,
    0x01, 0x92, 0x76, 0xcd, 0xfe, 0x00, 0x00, 0x0e, 0x00, 0x00, 0x00, 0x00,
    0x40, 0xff, 0xff, 0x31, 0x06, 0xdb, 0x17, 0x05, 0xa8, 0xc4, 0xdf, 0x01,
    0x06, 0x7d, 0x03, 0xff, 0xba, 0xf8, 0x0d, 0x00, 0x00, 0x00, 0x00, 0x40,
    0xff, 0xff, 0x32, 0x06, 0xdb, 0x17, 0x05, 0x39, 0xe9, 0xc3, 0x01, 0xf5,
    0x6e, 0x67, 0xff, 0xa7, 0xfd, 0x0c, 0x00, 0x00, 0x00, 0x00, 0x40, 0xff,
    0xff, 0x33, 0x06, 0xdb, 0x17, 0x01, 0x64, 0x19, 0xca, 0xfe, 0x3f, 0x44,
    0x5b, 0x00, 0xb5, 0x1c, 0x2f, 0x00, 0x00, 0x00, 0x00, 0x40, 0x34, 0x06,
    0xdb, 0x17, 0x05, 0xc6, 0xb4, 0x9f, 0x01, 0x35, 0xfe, 0xb4, 0xff, 0x00,
    0x80, 0x0c, 0x00, 0x00, 0x00, 0x00, 0x40, 0xff, 0xff, 0x2d, 0x06, 0xdc,
    0x17, 0x05, 0xcc, 0x25, 0x38, 0xff, 0x17, 0xa0, 0xb1, 0xff, 0x00, 0x00,
    0x1a, 0x00, 0x00, 0x00, 0x00, 0x40, 0xff, 0xff, 0x36, 0x06, 0xdc, 0x17,
    0x05, 0x60, 0x15, 0xaa, 0x01, 0x25, 0xa8, 0x6a, 0xff, 0x00, 0x00, 0x0e,
    0x00, 0x00, 0x00, 0x00, 0x40, 0xff, 0xff, 0x37, 0x06, 0xdc, 0x17, 0x05,
    0x9a, 0x84, 0xc0, 0x01, 0x30, 0x76, 0xee, 0xfe, 0x00, 0x00, 0x0e, 0x00,
    0x00, 0x00, 0x00, 0x40, 0xff, 0xff, 0x38, 0x06, 0xdc, 0x17, 0x05, 0x98,
    0x7f, 0xa9, 0x01, 0xe3, 0x56, 0x75, 0xff, 0x00, 0x00, 0x0e, 0x00, 0x00,
    0x00, 0x00, 0x40, 0xff, 0xff, 0x39, 0x06, 0xdc, 0x17, 0x05, 0xfe, 0x1e,
    0xa6, 0x01, 0x6b, 0xc9, 0xa5, 0xff, 0x00, 0x80, 0x0c, 0x00, 0x00, 0x00,
    0x00, 0x40, 0xff, 0xff, 0x35, 0x06, 0xde, 0x17, 0x05, 0xff, 0x4a, 0x42,
    0x00, 0xee, 0x01, 0xba, 0xfe, 0xf1, 0xd5, 0xea, 0x00, 0x00, 0x00, 0x00,
    0x40, 0xff, 0xff, 0x4f, 0x06, 0xde, 0x17, 0x05, 0xc6, 0x07, 0x40, 0x01,
    0xde, 0xc8, 0xc2, 0xfe, 0x8f, 0xf9, 0xdd, 0x00, 0x00, 0x00, 0x00, 0x40,
    0xff, 0xff, 0x50, 0x06, 0xde, 0x17, 0x05, 0x08, 0xf3, 0x46, 0xff, 0xfe,
    0x32, 0xbd, 0xfe, 0xde, 0xa8, 0xda, 0x00, 0x00, 0x00, 0x00, 0x40, 0xff,
    0xff, 0x51, 0x06, 0xde, 0x17, 0x05, 0x36, 0xaf, 0xc5, 0xfe, 0x6f, 0x18,
    0x30, 0xff, 0x4f, 0x6b, 0xe9, 0x00, 0x00, 0x00, 0x00, 0x40, 0xff, 0xff,
    0x52, 0x06, 0xde, 0x17, 0x05, 0x9c, 0x6e, 0x25, 0xff, 0xb4, 0x21, 0xba,
    0xff, 0xe9, 0x0c, 0xe4, 0x00, 0x00, 0x00, 0x00, 0x40, 0xff, 0xff, 0x53,
    0x06, 0xde, 0x17, 0x05, 0x32, 0x9d, 0x0f, 0x02, 0xd2, 0xe8, 0x75, 0x02,
    0x00, 0x00, 0xc8, 0x00, 0x00, 0x00, 0x00, 0x40, 0xff, 0xff, 0x54, 0x06,
    0xde, 0x17, 0x05, 0x06, 0x4a, 0x57, 0x00, 0x9a, 0x93, 0xba, 0x01, 0x4a,
    0xc3, 0x69, 0x00, 0x00, 0x00, 0x00, 0x40, 0xff, 0xff, 0x16, 0x07, 0xde,
    0x17, 0x05, 0x1e, 0x71, 0x0e, 0xfe, 0x48, 0x54, 0xbf, 0xff, 0x07, 0xee,
    0x6b, 0x00, 0x00, 0x00, 0x00, 0x40, 0xff, 0xff, 0x17, 0x07, 0xde, 0x17,
    0x05, 0x9f, 0x0d, 0xbe, 0x00, 0xc4, 0xc1, 0x2a, 0xfe, 0x00, 0x80, 0x6d,
    0x00, 0x00, 0x00, 0x00, 0x40, 0xff, 0xff, 0x18, 0x07, 0xde, 0x17, 0x05,
    0x14, 0xb9, 0x0b, 0xfe, 0x06, 0x9b, 0xf6, 0x01, 0x00, 0x00, 0xc8, 0x00,
    0x00, 0x00, 0x00, 0x40, 0xff, 0xff, 0x3a, 0x06,
};

inline constexpr uint8_t kState4Tag20_08[] = {
    0xd9, 0x00, 0x1b, 0x00, 0xde, 0x17, 0x05, 0x14, 0xb9, 0x0b, 0xfe, 0x06,
    0x9b, 0xf6, 0x01, 0x00, 0x00, 0xc8, 0x00, 0x00, 0x00, 0x00, 0x40, 0xff,
    0xff, 0x3a, 0x06, 0xde, 0x17, 0x05, 0x62, 0x69, 0xeb, 0x01, 0x0e, 0x86,
    0x0c, 0xfe, 0x00, 0x00, 0xc8, 0x00, 0x00, 0x00, 0x00, 0x40, 0xff, 0xff,
    0x3b, 0x06, 0xde, 0x17, 0x05, 0xde, 0x68, 0x09, 0xfe, 0x3a, 0x0c, 0xb6,
    0xfe, 0x15, 0x0a, 0xc8, 0x00, 0x00, 0x00, 0x00, 0x40, 0xff, 0xff, 0x3c,
    0x06, 0xde, 0x17, 0x05, 0xa8, 0x47, 0x26, 0xff, 0xb6, 0xaf, 0xf8, 0x01,
    0x00, 0x00, 0xc8, 0x00, 0x00, 0x00, 0x00, 0x40, 0xff, 0xff, 0x3d, 0x06,
    0xde, 0x17, 0x05, 0x26, 0x0b, 0x0b, 0x01, 0x2c, 0x42, 0xf9, 0x01, 0x00,
    0x00, 0xc8, 0x00, 0x00, 0x00, 0x00, 0x40, 0xff, 0xff, 0x3e, 0x06, 0xde,
    0x17, 0x05, 0xca, 0x6d, 0xe8, 0x01, 0x43, 0xbd, 0x61, 0x00, 0xbe, 0x4d,
    0xcf, 0x00, 0x00, 0x00, 0x00, 0x40, 0xff, 0xff, 0x3f, 0x06, 0xde, 0x17,
    0x05, 0xe2, 0x5b, 0xb7, 0xfe, 0x62, 0xd6, 0x20, 0xfe, 0xb3, 0x91, 0xd0,
    0x00, 0x00, 0x00, 0x00, 0x40, 0xff, 0xff, 0x40, 0x06, 0xde, 0x17, 0x05,
    0xee, 0x36, 0x06, 0xfe, 0xf8, 0x58, 0xa6, 0x00, 0xb1, 0x05, 0xc8, 0x00,
    0x00, 0x00, 0x00, 0x40, 0xff, 0xff, 0x41, 0x06, 0xde, 0x17, 0x05, 0xd2,
    0xad, 0xbc, 0x00, 0xf8, 0x45, 0x58, 0x01, 0x19, 0xdc, 0xe5, 0x00, 0x00,
    0x00, 0x00, 0x40, 0xff, 0xff, 0x42, 0x06, 0xde, 0x17, 0x05, 0xe6, 0x78,
    0xb7, 0xff, 0x78, 0x1c, 0x49, 0x01, 0x00, 0x80, 0xd1, 0x00, 0x00, 0x00,
    0x00, 0x40, 0xff, 0xff, 0x43, 0x06, 0xde, 0x17, 0x05, 0x4a, 0x59, 0xb3,
    0xfe, 0x1e, 0x5d, 0x34, 0x01, 0xd1, 0x83, 0xd1, 0x00, 0x00, 0x00, 0x00,
    0x40, 0xff, 0xff, 0x44, 0x06, 0xde, 0x17, 0x05, 0xdc, 0xad, 0xcd, 0xfe,
    0xbd, 0xf9, 0x48, 0x00, 0x00, 0x00, 0xf7, 0x00, 0x00, 0x00, 0x00, 0x40,
    0xff, 0xff, 0x45, 0x06, 0xde, 0x17, 0x05, 0x83, 0x60, 0x41, 0xff, 0xed,
    0x44, 0xbe, 0x00, 0xb4, 0xa2, 0xd5, 0x00, 0x00, 0x00, 0x00, 0x40, 0xff,
    0xff, 0x46, 0x06, 0xde, 0x17, 0x05, 0x83, 0xeb, 0x3b, 0x00, 0xfa, 0xdc,
    0xbf, 0x00, 0x65, 0x24, 0x0d, 0x01, 0x00, 0x00, 0x00, 0x40, 0xff, 0xff,
    0x47, 0x06, 0xde, 0x17, 0x05, 0x42, 0x6f, 0xc3, 0xff, 0x21, 0xa7, 0x2a,
    0x00, 0xd0, 0xdb, 0xea, 0x00, 0x00, 0x00, 0x00, 0x40, 0xff, 0xff, 0x48,
    0x06, 0xde, 0x17, 0x05, 0x52, 0x5c, 0xc4, 0x00, 0x78, 0x31, 0x40, 0x00,
    0x43, 0xbf, 0xe9, 0x00, 0x00, 0x00, 0x00, 0x40, 0xff, 0xff, 0x49, 0x06,
    0xde, 0x17, 0x05, 0xc6, 0x73, 0x3a, 0x01, 0x96, 0x3b, 0xca, 0x00, 0x98,
    0x37, 0xed, 0x00, 0x00, 0x00, 0x00, 0x40, 0xff, 0xff, 0x4a, 0x06, 0xde,
    0x17, 0x05, 0x32, 0x3d, 0x3f, 0x01, 0x43, 0xf3, 0xb6, 0xff, 0x30, 0x00,
    0xda, 0x00, 0x00, 0x00, 0x00, 0x40, 0xff, 0xff, 0x4b, 0x06, 0xde, 0x17,
    0x05, 0x6e, 0x80, 0x41, 0x00, 0x76, 0x86, 0xc0, 0xff, 0xf4, 0x94, 0xf0,
    0x00, 0x00, 0x00, 0x00, 0x40, 0xff, 0xff, 0x4c, 0x06, 0xde, 0x17, 0x05,
    0xc8, 0x4f, 0xd4, 0x00, 0x51, 0xe8, 0x2c, 0xff, 0xfa, 0x1c, 0xfc, 0x00,
    0x00, 0x00, 0x00, 0x40, 0xff, 0xff, 0x4d, 0x06, 0xde, 0x17, 0x05, 0xbf,
    0xce, 0xc9, 0xff, 0x51, 0xe8, 0x2c, 0xff, 0x3b, 0xa6, 0x07, 0x01, 0x00,
    0x00, 0x00, 0x40, 0xff, 0xff, 0x4e, 0x06, 0xe1, 0x17, 0x05, 0xd7, 0x63,
    0x6d, 0xff, 0xde, 0xf6, 0xc1, 0x01, 0x38, 0x00, 0x29, 0x00, 0x00, 0x00,
    0x00, 0x40, 0xff, 0xff, 0x5b, 0x06, 0xe1, 0x17, 0x05, 0xca, 0x41, 0x27,
    0xfe, 0x33, 0x95, 0x4b, 0x00, 0x00, 0x00, 0x29, 0x00, 0x00, 0x00, 0x00,
    0x40, 0xff, 0xff, 0x5c, 0x06, 0xe1, 0x17, 0x05, 0xbe, 0xe0, 0xe2, 0x01,
    0x7e, 0xff, 0x1c, 0xff, 0x00, 0x00, 0x29, 0x00, 0x00, 0x00, 0x00, 0x40,
    0xff, 0xff, 0x5d, 0x06, 0xe1, 0x17, 0x05, 0xd8, 0x1e, 0x1f, 0xfe, 0x28,
    0xbd, 0x49, 0xfe, 0x00, 0x00, 0x29, 0x00, 0x00, 0x00, 0x00, 0x40, 0xff,
    0xff, 0x5e, 0x06, 0xe1, 0x17, 0x05, 0x9a, 0x9f, 0x62, 0x01, 0x2a, 0xa6,
    0xdf, 0x01, 0x4d, 0x20, 0x29, 0x00, 0x00, 0x00, 0x00, 0x40, 0xff, 0xff,
    0x5f, 0x06, 0xe1, 0x17, 0x05, 0x76, 0xd9, 0xb9, 0x01, 0x5e, 0xb7, 0x1b,
    0x00, 0x00, 0x00, 0x29, 0x00, 0x00, 0x00, 0x00, 0x40, 0xff, 0xff, 0x55,
    0x06,
};

inline constexpr uint8_t kState4Tag20_09[] = {
    0xf3, 0x00, 0x1c, 0x00, 0xe1, 0x17, 0x05, 0x76, 0xd9, 0xb9, 0x01, 0x5e,
    0xb7, 0x1b, 0x00, 0x00, 0x00, 0x29, 0x00, 0x00, 0x00, 0x00, 0x40, 0xff,
    0xff, 0x55, 0x06, 0xe1, 0x17, 0x05, 0x70, 0xd3, 0x5b, 0x01, 0x42, 0x67,
    0x58, 0xfe, 0x00, 0x00, 0x29, 0x00, 0x00, 0x00, 0x00, 0x40, 0xff, 0xff,
    0x56, 0x06, 0xe1, 0x17, 0x05, 0x52, 0xe7, 0x72, 0xff, 0xa4, 0x1b, 0x8f,
    0xfe, 0x00, 0x00, 0x29, 0x00, 0x00, 0x00, 0x00, 0x40, 0xff, 0xff, 0x57,
    0x06, 0xe1, 0x17, 0x05, 0x56, 0x18, 0x2e, 0xfe, 0x97, 0x7a, 0x3d, 0xff,
    0x30, 0x02, 0x29, 0x00, 0x00, 0x00, 0x00, 0x40, 0xff, 0xff, 0x58, 0x06,
    0xe1, 0x17, 0x05, 0xac, 0x70, 0x1b, 0xfe, 0x38, 0x19, 0xb3, 0x01, 0x00,
    0x00, 0x29, 0x00, 0x00, 0x00, 0x00, 0x40, 0xff, 0xff, 0x59, 0x06, 0xe1,
    0x17, 0x05, 0xed, 0x14, 0xad, 0x00, 0x3e, 0x56, 0x79, 0x01, 0x93, 0xf3,
    0x28, 0x00, 0x00, 0x00, 0x00, 0x40, 0xff, 0xff, 0x5a, 0x06, 0xe6, 0x17,
    0x05, 0xfa, 0x4c, 0x9a, 0xfe, 0x10, 0xce, 0xb9, 0x01, 0xfd, 0x03, 0x12,
    0x00, 0x00, 0x00, 0x00, 0x40, 0xff, 0xff, 0x60, 0x06, 0xed, 0x17, 0x05,
    0x05, 0x49, 0xfe, 0x00, 0xc6, 0x43, 0xf8, 0xfe, 0x03, 0x99, 0x2b, 0x00,
    0x00, 0x00, 0x00, 0x40, 0xff, 0xff, 0x61, 0x06, 0xed, 0x17, 0x05, 0xb9,
    0x1b, 0x83, 0xff, 0xbf, 0x68, 0x5e, 0x00, 0x36, 0xfb, 0x22, 0x00, 0x00,
    0x00, 0x00, 0x40, 0xff, 0xff, 0x62, 0x06, 0xed, 0x17, 0x05, 0xa0, 0x41,
    0x9e, 0x00, 0xce, 0x87, 0xc3, 0xfe, 0x5a, 0xd5, 0x2b, 0x00, 0x00, 0x00,
    0x00, 0x40, 0xff, 0xff, 0x63, 0x06, 0xee, 0x17, 0x01, 0x70, 0xc3, 0x47,
    0xff, 0xdb, 0x07, 0xfa, 0x00, 0x00, 0x80, 0x09, 0x00, 0x00, 0x00, 0x00,
    0x40, 0x64, 0x06, 0xf1, 0x17, 0x01, 0x3a, 0xb0, 0x70, 0xff, 0x49, 0xa8,
    0xf8, 0x00, 0xe3, 0x01, 0x0a, 0x00, 0x00, 0x00, 0x00, 0x40, 0x65, 0x06,
    0xf2, 0x17, 0x01, 0x3e, 0x9b, 0x24, 0xff, 0xc8, 0x14, 0x0e, 0x01, 0xc6,
    0x2d, 0x0a, 0x00, 0x00, 0x00, 0x00, 0x40, 0x66, 0x06, 0xf4, 0x17, 0x05,
    0xba, 0x74, 0x6c, 0xfe, 0x06, 0x9f, 0xc0, 0x01, 0x00, 0x00, 0x12, 0x00,
    0x00, 0x00, 0x00, 0x40, 0xff, 0xff, 0x67, 0x06, 0xfb, 0x17, 0x05, 0x4c,
    0x16, 0x4a, 0xfe, 0xa8, 0x52, 0x74, 0x01, 0x81, 0x0f, 0x0d, 0x00, 0x00,
    0x00, 0x00, 0x40, 0xff, 0xff, 0x68, 0x06, 0xfb, 0x17, 0x05, 0x86, 0xc5,
    0x45, 0xfe, 0x22, 0xea, 0x98, 0x01, 0x00, 0x00, 0x0d, 0x00, 0x00, 0x00,
    0x00, 0x40, 0xff, 0xff, 0x69, 0x06, 0xfb, 0x17, 0x05, 0xd6, 0xba, 0x64,
    0xfe, 0x50, 0xd2, 0x88, 0x01, 0x5a, 0x17, 0x0e, 0x00, 0x00, 0x00, 0x00,
    0x40, 0xff, 0xff, 0x6a, 0x06, 0xfb, 0x17, 0x05, 0x6a, 0xdb, 0x42, 0xfe,
    0x54, 0x9d, 0x81, 0x01, 0x00, 0x00, 0x0d, 0x00, 0x00, 0x00, 0x00, 0x40,
    0xff, 0xff, 0x6b, 0x06, 0x00, 0x18, 0x05, 0xe6, 0x53, 0xd3, 0x01, 0x37,
    0x84, 0x4f, 0xff, 0x6d, 0x19, 0x11, 0x00, 0x00, 0x00, 0x00, 0x40, 0xff,
    0xff, 0x6c, 0x06, 0x02, 0x18, 0x05, 0x62, 0x98, 0x31, 0x01, 0x37, 0x4c,
    0xe6, 0x00, 0xc1, 0x7e, 0x46, 0x00, 0x00, 0x00, 0x00, 0x40, 0xff, 0xff,
    0x71, 0x06, 0x02, 0x18, 0x05, 0x46, 0xa4, 0xc0, 0xff, 0x08, 0x8a, 0x0b,
    0x01, 0x61, 0xe2, 0x2e, 0x00, 0x00, 0x00, 0x00, 0x40, 0xff, 0xff, 0x6d,
    0x06, 0x02, 0x18, 0x05, 0xc4, 0xdf, 0xe4, 0x00, 0xc6, 0xb2, 0x6a, 0x01,
    0xd7, 0x46, 0x2e, 0x00, 0x00, 0x00, 0x00, 0x40, 0xff, 0xff, 0x6e, 0x06,
    0x02, 0x18, 0x05, 0x48, 0xd6, 0x65, 0xff, 0x1c, 0x24, 0x9b, 0x01, 0xac,
    0xca, 0x20, 0x00, 0x00, 0x00, 0x00, 0x40, 0xff, 0xff, 0x6f, 0x06, 0x02,
    0x18, 0x05, 0x97, 0xa0, 0xcb, 0xff, 0x3f, 0x4f, 0xae, 0x00, 0xa4, 0x33,
    0x7a, 0x00, 0x00, 0x00, 0x00, 0x40, 0xff, 0xff, 0x70, 0x06, 0x03, 0x18,
    0x05, 0x4d, 0x34, 0x1f, 0x00, 0x42, 0x1f, 0xed, 0x00, 0x83, 0x07, 0x93,
    0x00, 0x00, 0x00, 0x00, 0x40, 0xff, 0xff, 0x72, 0x06, 0x03, 0x18, 0x05,
    0x31, 0xed, 0x79, 0x00, 0x06, 0xe8, 0x53, 0x01, 0x7c, 0xfe, 0x23, 0x00,
    0x00, 0x00, 0x00, 0x40, 0xff, 0xff, 0x73, 0x06, 0x04, 0x18, 0x05, 0x66,
    0x7c, 0x15, 0x00, 0x66, 0xf1, 0x3f, 0x01, 0x27, 0x90, 0x2f, 0x00, 0x00,
    0x00, 0x00, 0x40, 0xff, 0xff, 0x74, 0x06, 0x04, 0x18, 0x05, 0xfe, 0xf2,
    0x15, 0x01, 0xc6, 0x64, 0x1a, 0x01, 0x2a, 0x9a, 0x2c, 0x00, 0x00, 0x00,
    0x00, 0x40, 0xff, 0xff, 0x75, 0x06,
};

inline constexpr uint8_t kState4Tag20_10[] = {
    0x0e, 0x01, 0x1e, 0x00, 0x04, 0x18, 0x05, 0xfe, 0xf2, 0x15, 0x01, 0xc6,
    0x64, 0x1a, 0x01, 0x2a, 0x9a, 0x2c, 0x00, 0x00, 0x00, 0x00, 0x40, 0xff,
    0xff, 0x75, 0x06, 0x04, 0x18, 0x05, 0x76, 0x63, 0xb3, 0x00, 0x02, 0x17,
    0xe9, 0x00, 0x52, 0x56, 0x8b, 0x00, 0x00, 0x00, 0x00, 0x40, 0xff, 0xff,
    0x76, 0x06, 0x07, 0x18, 0x01, 0x36, 0x08, 0x41, 0xff, 0x7d, 0x3b, 0xd8,
    0x00, 0xd2, 0x6a, 0x0b, 0x00, 0x00, 0x00, 0x00, 0x40, 0x77, 0x06, 0x09,
    0x18, 0x01, 0x1f, 0x1c, 0x7b, 0x00, 0xfa, 0xd8, 0x59, 0x02, 0x00, 0x00,
    0x00, 0x00, 0x00, 0x00, 0x00, 0x40, 0x86, 0x06, 0x09, 0x18, 0x01, 0x82,
    0xb6, 0x44, 0xff, 0x92, 0xd1, 0x19, 0x01, 0x00, 0x80, 0x09, 0x00, 0x00,
    0x00, 0x00, 0x40, 0x87, 0x06, 0x09, 0x18, 0x01, 0xe5, 0xa0, 0x5f, 0xff,
    0x31, 0x71, 0xf2, 0x00, 0x66, 0xd2, 0x09, 0x00, 0x00, 0x00, 0x00, 0x40,
    0x88, 0x06, 0x09, 0x18, 0x01, 0xa8, 0x8f, 0x80, 0xfe, 0x24, 0xae, 0x62,
    0x01, 0x00, 0x80, 0x09, 0x00, 0x00, 0x00, 0x00, 0x40, 0x89, 0x06, 0x09,
    0x18, 0x01, 0xec, 0xf3, 0x8c, 0xfe, 0x82, 0x15, 0x78, 0x01, 0x89, 0xbe,
    0x09, 0x00, 0x00, 0x00, 0x00, 0x40, 0x8a, 0x06, 0x09, 0x18, 0x01, 0x0e,
    0x6b, 0x8a, 0xfe, 0xaa, 0x00, 0x6a, 0x01, 0x00, 0x80, 0x09, 0x00, 0x00,
    0x00, 0x00, 0x40, 0x78, 0x06, 0x09, 0x18, 0x01, 0xae, 0xe1, 0xad, 0x01,
    0x9a, 0x9f, 0xb1, 0xff, 0x00, 0x80, 0x09, 0x00, 0x00, 0x00, 0x00, 0x40,
    0x79, 0x06, 0x09, 0x18, 0x01, 0xaa, 0x66, 0x84, 0x01, 0xdf, 0x30, 0xa5,
    0xff, 0x00, 0x80, 0x09, 0x00, 0x00, 0x00, 0x00, 0x40, 0x7a, 0x06, 0x09,
    0x18, 0x01, 0x22, 0x2c, 0x7f, 0x01, 0x35, 0x11, 0xaf, 0xff, 0x00, 0x80,
    0x09, 0x00, 0x00, 0x00, 0x00, 0x40, 0x7b, 0x06, 0x09, 0x18, 0x01, 0x98,
    0xf6, 0x9d, 0x01, 0xc3, 0xcf, 0x8f, 0xff, 0x56, 0x18, 0x0a, 0x00, 0x00,
    0x00, 0x00, 0x40, 0x7c, 0x06, 0x09, 0x18, 0x01, 0xc4, 0xc7, 0x34, 0xff,
    0xf9, 0x4f, 0xf5, 0x00, 0xcc, 0xcd, 0x09, 0x00, 0x00, 0x00, 0x00, 0x40,
    0x7d, 0x06, 0x09, 0x18, 0x01, 0x9e, 0xd4, 0xea, 0x01, 0x74, 0xe0, 0xff,
    0xfe, 0x26, 0xe9, 0x09, 0x00, 0x00, 0x00, 0x00, 0x40, 0x7e, 0x06, 0x09,
    0x18, 0x01, 0x32, 0x47, 0xdb, 0x01, 0x1d, 0xce, 0x52, 0xff, 0xa5, 0x73,
    0x09, 0x00, 0x00, 0x00, 0x00, 0x40, 0x7f, 0x06, 0x09, 0x18, 0x01, 0x2a,
    0xd9, 0xd3, 0x01, 0xd8, 0xc0, 0x5a, 0xff, 0x77, 0xed, 0x09, 0x00, 0x00,
    0x00, 0x00, 0x40, 0x80, 0x06, 0x09, 0x18, 0x01, 0xb0, 0xe1, 0x6b, 0x01,
    0xd4, 0x1e, 0xa1, 0xff, 0xdc, 0x12, 0x0a, 0x00, 0x00, 0x00, 0x00, 0x40,
    0x81, 0x06, 0x09, 0x18, 0x01, 0x14, 0xf1, 0x3e, 0xfe, 0x52, 0x2e, 0xc0,
    0x01, 0x35, 0xd8, 0x09, 0x00, 0x00, 0x00, 0x00, 0x40, 0x82, 0x06, 0x09,
    0x18, 0x01, 0x2a, 0x7e, 0x36, 0xfe, 0x54, 0xa4, 0xd1, 0x01, 0x74, 0x4b,
    0x09, 0x00, 0x00, 0x00, 0x00, 0x40, 0x83, 0x06, 0x09, 0x18, 0x01, 0x4a,
    0x72, 0x0f, 0xfd, 0xa6, 0xcd, 0xa1, 0xff, 0x00, 0x00, 0x00, 0x00, 0x00,
    0x00, 0x00, 0x40, 0x84, 0x06, 0x09, 0x18, 0x01, 0x46, 0x6a, 0x2b, 0x02,
    0xee, 0xa0, 0x66, 0x02, 0x00, 0x00, 0x00, 0x00, 0x00, 0x00, 0x00, 0x40,
    0x85, 0x06, 0x0a, 0x18, 0x01, 0x92, 0xbd, 0x91, 0xfe, 0xd2, 0x61, 0x6d,
    0x01, 0x4f, 0xc1, 0x09, 0x00, 0x00, 0x00, 0x00, 0x40, 0x93, 0x06, 0x0a,
    0x18, 0x01, 0x86, 0xcd, 0x7b, 0x01, 0x85, 0xa1, 0xa7, 0xff, 0x00, 0x80,
    0x09, 0x00, 0x00, 0x00, 0x00, 0x40, 0x94, 0x06, 0x0a, 0x18, 0x01, 0x06,
    0xde, 0xeb, 0x01, 0x2f, 0xd3, 0x07, 0xff, 0xcd, 0xee, 0x09, 0x00, 0x00,
    0x00, 0x00, 0x40, 0x95, 0x06, 0x0a, 0x18, 0x01, 0xf4, 0x30, 0xe2, 0x01,
    0x8a, 0xa2, 0x3f, 0xff, 0x30, 0xfa, 0x09, 0x00, 0x00, 0x00, 0x00, 0x40,
    0x96, 0x06, 0x0a, 0x18, 0x01, 0xf6, 0x7c, 0xdc, 0x01, 0x0b, 0x5d, 0x62,
    0xff, 0x4c, 0x61, 0x08, 0x00, 0x00, 0x00, 0x00, 0x40, 0x97, 0x06, 0x0a,
    0x18, 0x01, 0x66, 0xc1, 0xe8, 0x01, 0xd0, 0x23, 0x4e, 0xff, 0xfa, 0x6d,
    0x07, 0x00, 0x00, 0x00, 0x00, 0x40, 0x98, 0x06, 0x0a, 0x18, 0x01, 0xa2,
    0xbe, 0xe3, 0x01, 0xe9, 0x0f, 0x5a, 0xff, 0x15, 0xc4, 0x07, 0x00, 0x00,
    0x00, 0x00, 0x40, 0x8b, 0x06, 0x0a, 0x18, 0x01, 0xea, 0x8f, 0x3b, 0xfe,
    0x32, 0x72, 0xcb, 0x01, 0xb1, 0xae, 0x09, 0x00, 0x00, 0x00, 0x00, 0x40,
    0x8c, 0x06,
};

inline constexpr uint8_t kState4Tag20_11[] = {
    0x2b, 0x01, 0x1c, 0x00, 0x0a, 0x18, 0x01, 0xea, 0x8f, 0x3b, 0xfe, 0x32,
    0x72, 0xcb, 0x01, 0xb1, 0xae, 0x09, 0x00, 0x00, 0x00, 0x00, 0x40, 0x8c,
    0x06, 0x0a, 0x18, 0x01, 0xb8, 0x06, 0xa7, 0x01, 0xe1, 0x05, 0x8d, 0xff,
    0xbe, 0x16, 0x0a, 0x00, 0x00, 0x00, 0x00, 0x40, 0x8d, 0x06, 0x0a, 0x18,
    0x01, 0xdc, 0xcd, 0x42, 0xff, 0x0c, 0x2f, 0x00, 0x01, 0x00, 0x80, 0x09,
    0x00, 0x00, 0x00, 0x00, 0x40, 0x8e, 0x06, 0x0a, 0x18, 0x01, 0xd2, 0xf0,
    0x83, 0xfe, 0xa2, 0xd1, 0x6c, 0x01, 0x00, 0x80, 0x09, 0x00, 0x00, 0x00,
    0x00, 0x40, 0x8f, 0x06, 0x0a, 0x18, 0x01, 0x9e, 0x46, 0xaf, 0x01, 0xfa,
    0x91, 0xba, 0xff, 0x00, 0x80, 0x09, 0x00, 0x00, 0x00, 0x00, 0x40, 0x90,
    0x06, 0x0a, 0x18, 0x01, 0xb2, 0xaa, 0xc0, 0x01, 0x9c, 0xa7, 0x6f, 0xff,
    0x00, 0x00, 0x0a, 0x00, 0x00, 0x00, 0x00, 0x40, 0x91, 0x06, 0x0a, 0x18,
    0x01, 0x9a, 0xcb, 0x85, 0x01, 0x3f, 0x23, 0xae, 0xff, 0x00, 0x80, 0x09,
    0x00, 0x00, 0x00, 0x00, 0x40, 0x92, 0x06, 0x0c, 0x18, 0x05, 0xbe, 0x5c,
    0x52, 0x01, 0xd6, 0x77, 0x73, 0x01, 0x69, 0x09, 0x24, 0x00, 0x00, 0x00,
    0x00, 0x40, 0xff, 0xff, 0x99, 0x06, 0x0c, 0x18, 0x05, 0xd0, 0xb9, 0xc8,
    0xfe, 0x4c, 0xa5, 0xb7, 0xff, 0x2b, 0xc0, 0x47, 0x00, 0x00, 0x00, 0x00,
    0x40, 0xff, 0xff, 0x9a, 0x06, 0x0c, 0x18, 0x05, 0xa8, 0x58, 0x43, 0xfe,
    0x5a, 0x27, 0x62, 0xfe, 0x00, 0x00, 0x1f, 0x00, 0x00, 0x00, 0x00, 0x40,
    0xff, 0xff, 0x9b, 0x06, 0x0c, 0x18, 0x05, 0x97, 0x46, 0xa5, 0x00, 0xdd,
    0x42, 0x04, 0x00, 0x00, 0x80, 0x37, 0x00, 0x00, 0x00, 0x00, 0x40, 0xff,
    0xff, 0x9c, 0x06, 0x0d, 0x18, 0x05, 0xeb, 0xf3, 0x72, 0xff, 0x4a, 0xb4,
    0x7e, 0x00, 0x1b, 0xf7, 0x39, 0x00, 0x00, 0x00, 0x00, 0x40, 0xff, 0xff,
    0xa3, 0x06, 0x0d, 0x18, 0x05, 0x3c, 0x34, 0xf2, 0xff, 0x9a, 0xbd, 0xa7,
    0x00, 0x5e, 0x09, 0x6e, 0x00, 0x00, 0x00, 0x00, 0x40, 0xff, 0xff, 0xa4,
    0x06, 0x0d, 0x18, 0x05, 0xe6, 0x89, 0x89, 0x00, 0x35, 0xa8, 0x9e, 0x00,
    0xd5, 0x5f, 0x52, 0x00, 0x00, 0x00, 0x00, 0x40, 0xff, 0xff, 0xa5, 0x06,
    0x0d, 0x18, 0x05, 0x8a, 0x51, 0x1a, 0xff, 0x4a, 0x7d, 0xb3, 0x00, 0x2e,
    0x3e, 0x34, 0x00, 0x00, 0x00, 0x00, 0x40, 0xff, 0xff, 0xa6, 0x06, 0x0d,
    0x18, 0x05, 0xee, 0x1a, 0xbd, 0xff, 0x34, 0x15, 0xac, 0xff, 0xdc, 0xd4,
    0x4d, 0x00, 0x00, 0x00, 0x00, 0x40, 0xff, 0xff, 0xa7, 0x06, 0x0d, 0x18,
    0x05, 0x54, 0x17, 0xd8, 0xfe, 0x83, 0x57, 0xa6, 0x00, 0x46, 0x50, 0x43,
    0x00, 0x00, 0x00, 0x00, 0x40, 0xff, 0xff, 0xa8, 0x06, 0x0d, 0x18, 0x05,
    0x71, 0x50, 0xf0, 0xfe, 0xa8, 0xdd, 0x28, 0x00, 0x15, 0x34, 0x4d, 0x00,
    0x00, 0x00, 0x00, 0x40, 0xff, 0xff, 0xa9, 0x06, 0x0d, 0x18, 0x05, 0x3b,
    0xfc, 0x12, 0x00, 0xe4, 0x2e, 0x5f, 0x00, 0x00, 0x80, 0x3f, 0x00, 0x00,
    0x00, 0x00, 0x40, 0xff, 0xff, 0xaa, 0x06, 0x0d, 0x18, 0x05, 0x31, 0xac,
    0x52, 0xff, 0xdb, 0x57, 0x16, 0xff, 0x9e, 0xee, 0x4c, 0x00, 0x00, 0x00,
    0x00, 0x40, 0xff, 0xff, 0xab, 0x06, 0x0d, 0x18, 0x05, 0x43, 0xfe, 0x62,
    0x00, 0x7f, 0x34, 0x11, 0xff, 0xdf, 0xb9, 0x53, 0x00, 0x00, 0x00, 0x00,
    0x40, 0xff, 0xff, 0xac, 0x06, 0x0d, 0x18, 0x05, 0x71, 0x2c, 0x6b, 0xff,
    0xda, 0x0f, 0xbb, 0x00, 0x6e, 0x77, 0x2b, 0x00, 0x00, 0x00, 0x00, 0x40,
    0xff, 0xff, 0xad, 0x06, 0x0d, 0x18, 0x05, 0x71, 0xbe, 0xbe, 0x00, 0x6c,
    0xf9, 0xa8, 0xfe, 0x7c, 0x3a, 0x3f, 0x00, 0x00, 0x00, 0x00, 0x40, 0xff,
    0xff, 0xae, 0x06, 0x0d, 0x18, 0x05, 0x36, 0x3b, 0x53, 0xfe, 0xb2, 0x27,
    0x6f, 0xff, 0x52, 0xee, 0x32, 0x00, 0x00, 0x00, 0x00, 0x40, 0xff, 0xff,
    0xaf, 0x06, 0x0d, 0x18, 0x05, 0xb1, 0xed, 0x77, 0xfe, 0x42, 0x67, 0xed,
    0xff, 0x68, 0x72, 0x50, 0x00, 0x00, 0x00, 0x00, 0x40, 0xff, 0xff, 0xb0,
    0x06, 0x0d, 0x18, 0x05, 0xbd, 0x2a, 0x61, 0xfe, 0xa2, 0x53, 0x04, 0x01,
    0x6a, 0x98, 0x2b, 0x00, 0x00, 0x00, 0x00, 0x40, 0xff, 0xff, 0xb1, 0x06,
    0x0d, 0x18, 0x05, 0x6e, 0x68, 0xfb, 0xfe, 0xfa, 0xa4, 0x40, 0x01, 0xfe,
    0xe7, 0x30, 0x00, 0x00, 0x00, 0x00, 0x40, 0xff, 0xff, 0xb2, 0x06, 0x0d,
    0x18, 0x05, 0x06, 0x34, 0x10, 0x01, 0x7d, 0x9d, 0x40, 0x00, 0x87, 0xc1,
    0x4c, 0x00, 0x00, 0x00, 0x00, 0x40, 0xff, 0xff, 0x9d, 0x06,
};

inline constexpr uint8_t kState4Tag20_12[] = {
    0x46, 0x01, 0x1b, 0x00, 0x0d, 0x18, 0x05, 0x06, 0x34, 0x10, 0x01, 0x7d,
    0x9d, 0x40, 0x00, 0x87, 0xc1, 0x4c, 0x00, 0x00, 0x00, 0x00, 0x40, 0xff,
    0xff, 0x9d, 0x06, 0x0d, 0x18, 0x05, 0x6e, 0xec, 0x05, 0x01, 0x34, 0xb4,
    0x8e, 0xff, 0xc8, 0x68, 0x4d, 0x00, 0x00, 0x00, 0x00, 0x40, 0xff, 0xff,
    0x9e, 0x06, 0x0d, 0x18, 0x05, 0xc1, 0x04, 0xdf, 0x00, 0xad, 0x76, 0x60,
    0xff, 0xf8, 0x53, 0x53, 0x00, 0x00, 0x00, 0x00, 0x40, 0xff, 0xff, 0x9f,
    0x06, 0x0d, 0x18, 0x05, 0xcd, 0xa4, 0x5b, 0x00, 0xb9, 0xd4, 0x1d, 0x00,
    0x54, 0x0a, 0x4e, 0x00, 0x00, 0x00, 0x00, 0x40, 0xff, 0xff, 0xa0, 0x06,
    0x0d, 0x18, 0x05, 0x0a, 0xbd, 0x5a, 0xff, 0x39, 0x16, 0x7d, 0xff, 0x9c,
    0xfd, 0x34, 0x00, 0x00, 0x00, 0x00, 0x40, 0xff, 0xff, 0xa1, 0x06, 0x0d,
    0x18, 0x05, 0xfe, 0xf0, 0x82, 0xfe, 0x30, 0x2e, 0x3b, 0x00, 0xaf, 0x32,
    0x4a, 0x00, 0x00, 0x00, 0x00, 0x40, 0xff, 0xff, 0xa2, 0x06, 0x0e, 0x18,
    0x05, 0x59, 0xb5, 0xce, 0xff, 0x02, 0x3f, 0x88, 0x00, 0xdf, 0x77, 0x6a,
    0x00, 0x00, 0x00, 0x00, 0x40, 0xff, 0xff, 0xb9, 0x06, 0x0e, 0x18, 0x05,
    0xc2, 0xf1, 0x17, 0xff, 0xfc, 0x9a, 0xef, 0xff, 0xbb, 0xd3, 0x48, 0x00,
    0x00, 0x00, 0x00, 0x40, 0xff, 0xff, 0xba, 0x06, 0x0e, 0x18, 0x05, 0x2e,
    0xb1, 0x30, 0x00, 0x10, 0x51, 0xfb, 0xff, 0xe0, 0x89, 0x4a, 0x00, 0x00,
    0x00, 0x00, 0x40, 0xff, 0xff, 0xbb, 0x06, 0x0e, 0x18, 0x05, 0xce, 0x2e,
    0x01, 0xff, 0x5c, 0x87, 0x06, 0x01, 0x9b, 0xf7, 0x32, 0x00, 0x00, 0x00,
    0x00, 0x40, 0xff, 0xff, 0xbc, 0x06, 0x0e, 0x18, 0x05, 0x42, 0xb0, 0xf2,
    0xff, 0x95, 0x8b, 0x18, 0xff, 0x42, 0xd6, 0x57, 0x00, 0x00, 0x00, 0x00,
    0x40, 0xff, 0xff, 0xbd, 0x06, 0x0e, 0x18, 0x05, 0xc6, 0xbe, 0xfa, 0xff,
    0xd2, 0x57, 0x5f, 0x01, 0x00, 0x00, 0x29, 0x00, 0x00, 0x00, 0x00, 0x40,
    0xff, 0xff, 0xbe, 0x06, 0x0e, 0x18, 0x05, 0x6a, 0x67, 0x38, 0xff, 0xc0,
    0x03, 0x79, 0x00, 0x08, 0x4b, 0x38, 0x00, 0x00, 0x00, 0x00, 0x40, 0xff,
    0xff, 0xbf, 0x06, 0x0e, 0x18, 0x05, 0xde, 0x39, 0x39, 0xff, 0x90, 0x25,
    0x61, 0x01, 0x24, 0xe8, 0x2c, 0x00, 0x00, 0x00, 0x00, 0x40, 0xff, 0xff,
    0xc0, 0x06, 0x0e, 0x18, 0x05, 0xbc, 0x2c, 0x84, 0x01, 0xdc, 0xdb, 0x33,
    0x00, 0xe4, 0xfd, 0x39, 0x00, 0x00, 0x00, 0x00, 0x40, 0xff, 0xff, 0xc1,
    0x06, 0x0e, 0x18, 0x05, 0x54, 0x02, 0x03, 0x01, 0x39, 0x68, 0x13, 0xff,
    0x25, 0x13, 0x41, 0x00, 0x00, 0x00, 0x00, 0x40, 0xff, 0xff, 0xc2, 0x06,
    0x0e, 0x18, 0x05, 0xc0, 0x18, 0xa5, 0x01, 0x06, 0xa0, 0xce, 0xfe, 0xb5,
    0x1c, 0x2c, 0x00, 0x00, 0x00, 0x00, 0x40, 0xff, 0xff, 0xc3, 0x06, 0x0e,
    0x18, 0x05, 0x82, 0x54, 0x90, 0xff, 0x62, 0x11, 0x2b, 0x00, 0xd5, 0xc5,
    0x40, 0x00, 0x00, 0x00, 0x00, 0x40, 0xff, 0xff, 0xc4, 0x06, 0x0e, 0x18,
    0x05, 0xd2, 0x08, 0x7f, 0x01, 0x67, 0xaa, 0x62, 0xff, 0x26, 0x5a, 0x2a,
    0x00, 0x00, 0x00, 0x00, 0x40, 0xff, 0xff, 0xc5, 0x06, 0x0e, 0x18, 0x05,
    0x82, 0xc2, 0x5e, 0x01, 0x26, 0x2d, 0xab, 0xfe, 0xcb, 0x17, 0x2f, 0x00,
    0x00, 0x00, 0x00, 0x40, 0xff, 0xff, 0xc6, 0x06, 0x0e, 0x18, 0x05, 0x95,
    0x27, 0xd9, 0x00, 0x17, 0x92, 0xd9, 0xff, 0x0e, 0x23, 0x51, 0x00, 0x00,
    0x00, 0x00, 0x40, 0xff, 0xff, 0xc7, 0x06, 0x0e, 0x18, 0x05, 0xff, 0x1e,
    0x5d, 0x00, 0xee, 0x48, 0xae, 0xff, 0xc5, 0x0a, 0x50, 0x00, 0x00, 0x00,
    0x00, 0x40, 0xff, 0xff, 0xc8, 0x06, 0x0e, 0x18, 0x05, 0xa1, 0x07, 0x89,
    0x00, 0x8e, 0x2d, 0x5f, 0xff, 0xf7, 0x42, 0x76, 0x00, 0x00, 0x00, 0x00,
    0x40, 0xff, 0xff, 0xb3, 0x06, 0x0e, 0x18, 0x05, 0x1b, 0xc1, 0xfa, 0xff,
    0xf3, 0x49, 0x7f, 0xff, 0x1a, 0xa7, 0x59, 0x00, 0x00, 0x00, 0x00, 0x40,
    0xff, 0xff, 0xb4, 0x06, 0x0e, 0x18, 0x05, 0x32, 0xe8, 0xeb, 0xfe, 0x42,
    0x9a, 0x5a, 0xff, 0x13, 0xa7, 0x45, 0x00, 0x00, 0x00, 0x00, 0x40, 0xff,
    0xff, 0xb5, 0x06, 0x0e, 0x18, 0x05, 0x32, 0x29, 0x90, 0xfe, 0x25, 0x94,
    0x84, 0x00, 0xc6, 0xaf, 0x46, 0x00, 0x00, 0x00, 0x00, 0x40, 0xff, 0xff,
    0xb6, 0x06, 0x0e, 0x18, 0x05, 0x4c, 0x00, 0xb3, 0x00, 0x9e, 0x62, 0x61,
    0x00, 0x84, 0xaa, 0x3e, 0x00, 0x00, 0x00, 0x00, 0x40, 0xff, 0xff, 0xb7,
    0x06,
};

inline constexpr uint8_t kState4Tag20_13[] = {
    0x60, 0x01, 0x1c, 0x00, 0x0e, 0x18, 0x05, 0x4c, 0x00, 0xb3, 0x00, 0x9e,
    0x62, 0x61, 0x00, 0x84, 0xaa, 0x3e, 0x00, 0x00, 0x00, 0x00, 0x40, 0xff,
    0xff, 0xb7, 0x06, 0x0e, 0x18, 0x05, 0xbd, 0x9d, 0x40, 0x00, 0x17, 0x13,
    0xa9, 0x00, 0x8d, 0xcc, 0x54, 0x00, 0x00, 0x00, 0x00, 0x40, 0xff, 0xff,
    0xb8, 0x06, 0x1f, 0x18, 0x01, 0x2c, 0x08, 0xcc, 0xfe, 0xdd, 0xb3, 0x5e,
    0x00, 0x6c, 0x8f, 0x2f, 0x00, 0x00, 0x00, 0x00, 0x40, 0xcb, 0x06, 0x1f,
    0x18, 0x01, 0x46, 0x72, 0x87, 0x01, 0x55, 0xde, 0x95, 0xff, 0xf3, 0x46,
    0x0a, 0x00, 0x00, 0x00, 0x00, 0x40, 0x19, 0x07, 0x1f, 0x18, 0x01, 0x28,
    0x8b, 0x36, 0xff, 0xc9, 0xdc, 0xec, 0x00, 0x61, 0xd6, 0x09, 0x00, 0x00,
    0x00, 0x00, 0x40, 0xcc, 0x06, 0x1f, 0x18, 0x01, 0xdc, 0x10, 0x9d, 0x01,
    0xcb, 0x96, 0x7d, 0xff, 0x00, 0x00, 0x0b, 0x00, 0x00, 0x00, 0x00, 0x40,
    0xcd, 0x06, 0x1f, 0x18, 0x01, 0xfa, 0x9b, 0xe7, 0x00, 0x44, 0x20, 0xf1,
    0xfe, 0x00, 0x80, 0x29, 0x00, 0x00, 0x00, 0x00, 0x40, 0xce, 0x06, 0x1f,
    0x18, 0x01, 0xe5, 0x7b, 0x46, 0xff, 0xe3, 0x45, 0xb7, 0xff, 0x00, 0x00,
    0x17, 0x00, 0x00, 0x00, 0x00, 0x40, 0xc9, 0x06, 0x1f, 0x18, 0x01, 0xae,
    0xce, 0xb2, 0x01, 0xda, 0x95, 0xe4, 0xfe, 0x43, 0x61, 0x0b, 0x00, 0x00,
    0x00, 0x00, 0x40, 0xca, 0x06, 0x20, 0x18, 0x01, 0x42, 0xaa, 0x2c, 0xff,
    0x40, 0x78, 0x1e, 0x01, 0x4c, 0xc3, 0x09, 0x00, 0x00, 0x00, 0x00, 0x40,
    0xd0, 0x06, 0x20, 0x18, 0x01, 0x6c, 0xd9, 0xb8, 0x01, 0x30, 0x97, 0xbe,
    0xfe, 0x00, 0x00, 0x0b, 0x00, 0x00, 0x00, 0x00, 0x40, 0xd1, 0x06, 0x20,
    0x18, 0x01, 0x7b, 0x60, 0x29, 0xff, 0x93, 0x80, 0xa8, 0xff, 0x17, 0x82,
    0x17, 0x00, 0x00, 0x00, 0x00, 0x40, 0xd2, 0x06, 0x20, 0x18, 0x01, 0xc4,
    0x34, 0xd4, 0x01, 0x68, 0x01, 0x08, 0xff, 0x00, 0x00, 0x0b, 0x00, 0x00,
    0x00, 0x00, 0x40, 0xd3, 0x06, 0x20, 0x18, 0x01, 0x90, 0x2f, 0x98, 0x01,
    0xeb, 0x93, 0x8c, 0xff, 0x88, 0xfc, 0x0a, 0x00, 0x00, 0x00, 0x00, 0x40,
    0xd4, 0x06, 0x20, 0x18, 0x01, 0x1d, 0xd5, 0xd5, 0x00, 0x7a, 0x05, 0x0b,
    0xff, 0x36, 0x87, 0x29, 0x00, 0x00, 0x00, 0x00, 0x40, 0xcf, 0x06, 0x21,
    0x18, 0x05, 0xb2, 0x1d, 0x49, 0xfd, 0x9c, 0xbd, 0xbc, 0xff, 0x00, 0x00,
    0xc8, 0x00, 0x00, 0x00, 0x00, 0x40, 0xff, 0xff, 0xd6, 0x06, 0x21, 0x18,
    0x05, 0xae, 0xf6, 0xb3, 0xfd, 0xf3, 0x20, 0x42, 0xff, 0x00, 0x00, 0xc8,
    0x00, 0x00, 0x00, 0x00, 0x40, 0xff, 0xff, 0xd7, 0x06, 0x21, 0x18, 0x05,
    0x72, 0xb5, 0xae, 0xfd, 0x7f, 0x9b, 0x3c, 0x00, 0x00, 0x00, 0xc8, 0x00,
    0x00, 0x00, 0x00, 0x40, 0xff, 0xff, 0xd8, 0x06, 0x21, 0x18, 0x05, 0x1e,
    0x7c, 0xb9, 0xfc, 0xd0, 0xd7, 0x2c, 0x00, 0x00, 0x00, 0xc8, 0x00, 0x00,
    0x00, 0x00, 0x40, 0xff, 0xff, 0xd9, 0x06, 0x21, 0x18, 0x05, 0xfe, 0xbe,
    0xc5, 0xfc, 0xe7, 0x5e, 0x39, 0xff, 0x00, 0x00, 0xc8, 0x00, 0x00, 0x00,
    0x00, 0x40, 0xff, 0xff, 0xda, 0x06, 0x21, 0x18, 0x05, 0xbe, 0x0b, 0x35,
    0x00, 0xae, 0xae, 0xb6, 0x02, 0x00, 0x00, 0xc8, 0x00, 0x00, 0x00, 0x00,
    0x40, 0xff, 0xff, 0xdb, 0x06, 0x21, 0x18, 0x05, 0xad, 0xae, 0xb8, 0xff,
    0x06, 0x9b, 0x62, 0x02, 0x00, 0x00, 0xc8, 0x00, 0x00, 0x00, 0x00, 0x40,
    0xff, 0xff, 0xdc, 0x06, 0x21, 0x18, 0x05, 0xcc, 0xca, 0x42, 0x01, 0xce,
    0x6b, 0xaa, 0x02, 0x00, 0x00, 0xc8, 0x00, 0x00, 0x00, 0x00, 0x40, 0xff,
    0xff, 0xdd, 0x06, 0x21, 0x18, 0x05, 0x46, 0xe8, 0xc0, 0x01, 0xb6, 0xd5,
    0x4b, 0x02, 0x00, 0x00, 0xc8, 0x00, 0x00, 0x00, 0x00, 0x40, 0xff, 0xff,
    0xde, 0x06, 0x21, 0x18, 0x05, 0x86, 0xc4, 0x39, 0x02, 0x52, 0xb0, 0xbd,
    0x02, 0x00, 0x00, 0xc8, 0x00, 0x00, 0x00, 0x00, 0x40, 0xff, 0xff, 0xdf,
    0x06, 0x21, 0x18, 0x05, 0x2a, 0xc6, 0x40, 0x02, 0x8a, 0xf4, 0xbd, 0x01,
    0x00, 0x00, 0xc8, 0x00, 0x00, 0x00, 0x00, 0x40, 0xff, 0xff, 0xe0, 0x06,
    0x21, 0x18, 0x05, 0xfa, 0x78, 0xd8, 0x01, 0xdc, 0x49, 0x5c, 0x01, 0x46,
    0x91, 0xd0, 0x00, 0x00, 0x00, 0x00, 0x40, 0xff, 0xff, 0xe1, 0x06, 0x21,
    0x18, 0x05, 0x5e, 0x84, 0x3b, 0x02, 0xb7, 0x7d, 0xc5, 0xff, 0x00, 0x00,
    0xc8, 0x00, 0x00, 0x00, 0x00, 0x40, 0xff, 0xff, 0xe2, 0x06,
};

inline constexpr uint8_t kState4Tag20_14[] = {
    0x7b, 0x01, 0x1b, 0x00, 0x21, 0x18, 0x05, 0x5e, 0x84, 0x3b, 0x02, 0xb7,
    0x7d, 0xc5, 0xff, 0x00, 0x00, 0xc8, 0x00, 0x00, 0x00, 0x00, 0x40, 0xff,
    0xff, 0xe2, 0x06, 0x21, 0x18, 0x05, 0x5e, 0x84, 0x3b, 0x02, 0xe6, 0xf9,
    0xc6, 0x00, 0x00, 0x00, 0xc8, 0x00, 0x00, 0x00, 0x00, 0x40, 0xff, 0xff,
    0xe3, 0x06, 0x21, 0x18, 0x05, 0xd2, 0xa6, 0xc6, 0xff, 0xda, 0x07, 0x24,
    0xfe, 0x4f, 0xe3, 0xcd, 0x00, 0x00, 0x00, 0x00, 0x40, 0xff, 0xff, 0xe4,
    0x06, 0x21, 0x18, 0x05, 0xca, 0x9e, 0xeb, 0x01, 0x22, 0xc7, 0x6c, 0xff,
    0x79, 0x06, 0xcf, 0x00, 0x00, 0x00, 0x00, 0x40, 0xff, 0xff, 0xe5, 0x06,
    0x21, 0x18, 0x05, 0x73, 0x6a, 0xb8, 0x00, 0x92, 0x18, 0x58, 0x02, 0x00,
    0x00, 0xc8, 0x00, 0x00, 0x00, 0x00, 0x40, 0xff, 0xff, 0xd5, 0x06, 0x3a,
    0x18, 0x05, 0xec, 0x36, 0x57, 0x00, 0x8a, 0xbb, 0x65, 0x00, 0x00, 0x00,
    0x2e, 0x00, 0x00, 0x00, 0x00, 0x40, 0xff, 0xff, 0xe7, 0x06, 0x3a, 0x18,
    0x05, 0xb2, 0x67, 0xb9, 0xff, 0x26, 0x1c, 0x99, 0x00, 0x42, 0x85, 0x48,
    0x00, 0x00, 0x00, 0x00, 0x40, 0xff, 0xff, 0xe8, 0x06, 0x3a, 0x18, 0x05,
    0xec, 0xa3, 0x81, 0xff, 0xfd, 0xe0, 0xca, 0xff, 0xf5, 0x80, 0x24, 0x00,
    0x00, 0x00, 0x00, 0x40, 0xff, 0xff, 0xe6, 0x06, 0x3e, 0x18, 0x05, 0xc4,
    0x10, 0xa6, 0xfe, 0xc6, 0x7f, 0x7c, 0x01, 0x1c, 0xda, 0x13, 0x00, 0x00,
    0x00, 0x00, 0x40, 0xff, 0xff, 0xeb, 0x06, 0x3e, 0x18, 0x05, 0x84, 0x46,
    0x47, 0x01, 0xa9, 0x40, 0x6a, 0xff, 0x02, 0xd1, 0x1e, 0x00, 0x00, 0x00,
    0x00, 0x40, 0xff, 0xff, 0xec, 0x06, 0x3e, 0x18, 0x05, 0xa0, 0x74, 0xb0,
    0xfe, 0x99, 0x85, 0x92, 0x00, 0xd8, 0xd4, 0x2b, 0x00, 0x00, 0x00, 0x00,
    0x40, 0xff, 0xff, 0xed, 0x06, 0x3e, 0x18, 0x05, 0xa6, 0x45, 0xf9, 0xff,
    0x81, 0xdc, 0xbf, 0xff, 0xaf, 0xbe, 0x39, 0x00, 0x00, 0x00, 0x00, 0x40,
    0xff, 0xff, 0xee, 0x06, 0x3e, 0x18, 0x05, 0x34, 0xd4, 0x42, 0x01, 0xd0,
    0xe1, 0xba, 0x00, 0x3c, 0x21, 0x23, 0x00, 0x00, 0x00, 0x00, 0x40, 0xff,
    0xff, 0xef, 0x06, 0x3e, 0x18, 0x05, 0x70, 0x5d, 0xaa, 0x01, 0x14, 0xf3,
    0xf6, 0x00, 0x2e, 0x96, 0x13, 0x00, 0x00, 0x00, 0x00, 0x40, 0xff, 0xff,
    0xe9, 0x06, 0x3e, 0x18, 0x05, 0x67, 0xb5, 0xbe, 0x00, 0x3b, 0x7d, 0x7c,
    0x00, 0xae, 0x26, 0x2a, 0x00, 0x00, 0x00, 0x00, 0x40, 0xff, 0xff, 0xea,
    0x06, 0x3f, 0x18, 0x05, 0x0a, 0x3a, 0x72, 0xff, 0xa2, 0xcc, 0x07, 0x00,
    0x37, 0x09, 0x2a, 0x00, 0x00, 0x00, 0x00, 0x40, 0xff, 0xff, 0xf1, 0x06,
    0x3f, 0x18, 0x05, 0xde, 0xb4, 0x36, 0x01, 0x1e, 0x98, 0xe7, 0xfe, 0x88,
    0x99, 0x1d, 0x00, 0x00, 0x00, 0x00, 0x40, 0xff, 0xff, 0xf2, 0x06, 0x3f,
    0x18, 0x05, 0x24, 0x04, 0x58, 0x01, 0x88, 0x0a, 0xc5, 0x00, 0x9f, 0xf3,
    0x1f, 0x00, 0x00, 0x00, 0x00, 0x40, 0xff, 0xff, 0xf0, 0x06, 0x41, 0x18,
    0x05, 0x69, 0x5d, 0x07, 0xff, 0x76, 0x35, 0x6d, 0x01, 0x62, 0x90, 0x1f,
    0x00, 0x00, 0x00, 0x00, 0x40, 0xff, 0xff, 0xfa, 0x06, 0x41, 0x18, 0x01,
    0xdd, 0xc4, 0x2e, 0xff, 0x38, 0x18, 0x03, 0x01, 0xcb, 0xb0, 0x09, 0x00,
    0x00, 0x00, 0x00, 0x40, 0xfb, 0x06, 0x41, 0x18, 0x05, 0x3e, 0x56, 0x28,
    0x01, 0x4d, 0xfe, 0x35, 0xff, 0xf3, 0x2d, 0x25, 0x00, 0x00, 0x00, 0x00,
    0x40, 0xff, 0xff, 0xf3, 0x06, 0x41, 0x18, 0x05, 0xae, 0x84, 0x5c, 0x01,
    0x92, 0x00, 0x15, 0x00, 0x03, 0xd4, 0x2e, 0x00, 0x00, 0x00, 0x00, 0x40,
    0xff, 0xff, 0xf4, 0x06, 0x41, 0x18, 0x05, 0x5a, 0x84, 0x91, 0xfe, 0x3d,
    0x43, 0x5e, 0x00, 0xc9, 0x46, 0x30, 0x00, 0x00, 0x00, 0x00, 0x40, 0xff,
    0xff, 0xf5, 0x06, 0x41, 0x18, 0x05, 0xf1, 0xd3, 0x79, 0x00, 0x7c, 0x41,
    0xb9, 0xfe, 0xbf, 0x39, 0x31, 0x00, 0x00, 0x00, 0x00, 0x40, 0xff, 0xff,
    0xf6, 0x06, 0x41, 0x18, 0x05, 0xf1, 0x8e, 0x92, 0x00, 0x25, 0x63, 0x63,
    0x00, 0xde, 0x60, 0x28, 0x00, 0x00, 0x00, 0x00, 0x40, 0xff, 0xff, 0xf7,
    0x06, 0x41, 0x18, 0x05, 0xbd, 0x98, 0xbe, 0x00, 0xce, 0x61, 0x07, 0xff,
    0x42, 0xb0, 0x2f, 0x00, 0x00, 0x00, 0x00, 0x40, 0xff, 0xff, 0xf8, 0x06,
    0x41, 0x18, 0x05, 0x09, 0x04, 0x05, 0x00, 0x1c, 0x6f, 0x55, 0xff, 0x50,
    0xf2, 0x48, 0x00, 0x00, 0x00, 0x00, 0x40, 0xff, 0xff, 0xf9, 0x06,
};

inline constexpr uint8_t kState4Tag20_15[] = {
    0x95, 0x01, 0x1b, 0x00, 0x41, 0x18, 0x05, 0x09, 0x04, 0x05, 0x00, 0x1c,
    0x6f, 0x55, 0xff, 0x50, 0xf2, 0x48, 0x00, 0x00, 0x00, 0x00, 0x40, 0xff,
    0xff, 0xf9, 0x06, 0x42, 0x18, 0x05, 0x06, 0x7c, 0x02, 0x01, 0xc0, 0x25,
    0xe9, 0xfe, 0xf0, 0x23, 0x2a, 0x00, 0x00, 0x00, 0x00, 0x40, 0xff, 0xff,
    0xfe, 0x06, 0x42, 0x18, 0x05, 0x72, 0x58, 0x7b, 0x01, 0xbf, 0xea, 0x96,
    0x00, 0x75, 0x0c, 0x1f, 0x00, 0x00, 0x00, 0x00, 0x40, 0xff, 0xff, 0xff,
    0x06, 0x42, 0x18, 0x05, 0x08, 0xed, 0x34, 0x01, 0xe5, 0x15, 0x44, 0xff,
    0xbc, 0x3d, 0x27, 0x00, 0x00, 0x00, 0x00, 0x40, 0xff, 0xff, 0x00, 0x07,
    0x42, 0x18, 0x05, 0xe8, 0x1b, 0x23, 0x00, 0x9f, 0x72, 0xb0, 0xff, 0x01,
    0x33, 0x38, 0x00, 0x00, 0x00, 0x00, 0x40, 0xff, 0xff, 0x01, 0x07, 0x42,
    0x18, 0x05, 0x24, 0x1b, 0x9e, 0xfe, 0xd5, 0x5a, 0x6c, 0x00, 0x6b, 0xe9,
    0x31, 0x00, 0x00, 0x00, 0x00, 0x40, 0xff, 0xff, 0x02, 0x07, 0x42, 0x18,
    0x05, 0xe7, 0x98, 0x52, 0x00, 0x34, 0x90, 0xed, 0xfe, 0xd4, 0x81, 0x32,
    0x00, 0x00, 0x00, 0x00, 0x40, 0xff, 0xff, 0xfc, 0x06, 0x42, 0x18, 0x05,
    0x33, 0xf4, 0x13, 0xff, 0x0e, 0x4d, 0x7b, 0x01, 0x20, 0xed, 0x1f, 0x00,
    0x00, 0x00, 0x00, 0x40, 0xff, 0xff, 0xfd, 0x06, 0x46, 0x18, 0x05, 0x13,
    0x56, 0x09, 0xff, 0xba, 0xca, 0xe8, 0x00, 0x02, 0x27, 0x63, 0x00, 0x00,
    0x00, 0x00, 0x40, 0xff, 0xff, 0x03, 0x07, 0x46, 0x18, 0x05, 0xb2, 0xa8,
    0xef, 0xfe, 0xe4, 0x15, 0x2d, 0xff, 0xf9, 0x11, 0x76, 0x00, 0x00, 0x00,
    0x00, 0x40, 0xff, 0xff, 0x04, 0x07, 0x46, 0x18, 0x05, 0x62, 0x1c, 0x85,
    0xff, 0x16, 0x9e, 0x24, 0x00, 0xe1, 0x8c, 0x73, 0x00, 0x00, 0x00, 0x00,
    0x40, 0xff, 0xff, 0x05, 0x07, 0x46, 0x18, 0x05, 0x10, 0xfd, 0x93, 0x00,
    0x54, 0x0b, 0x49, 0x00, 0x91, 0x9a, 0x70, 0x00, 0x00, 0x00, 0x00, 0x40,
    0xff, 0xff, 0x06, 0x07, 0x46, 0x18, 0x05, 0x9f, 0x78, 0xfe, 0x00, 0x9c,
    0xd8, 0x4c, 0xff, 0x0d, 0xd1, 0x77, 0x00, 0x00, 0x00, 0x00, 0x40, 0xff,
    0xff, 0x07, 0x07, 0x47, 0x18, 0x05, 0xb3, 0x66, 0x01, 0xff, 0xcf, 0x36,
    0x7f, 0x00, 0xe4, 0xd5, 0x76, 0x00, 0x00, 0x00, 0x00, 0x40, 0xff, 0xff,
    0x09, 0x07, 0x47, 0x18, 0x05, 0x76, 0x69, 0x1b, 0x01, 0x02, 0x2d, 0x0e,
    0x00, 0x16, 0xbb, 0x8c, 0x00, 0x00, 0x00, 0x00, 0x40, 0xff, 0xff, 0x0a,
    0x07, 0x47, 0x18, 0x05, 0xa0, 0x62, 0xe4, 0xff, 0x49, 0xd9, 0xa1, 0xff,
    0x68, 0x84, 0x89, 0x00, 0x00, 0x00, 0x00, 0x40, 0xff, 0xff, 0x0b, 0x07,
    0x47, 0x18, 0x05, 0xda, 0x1e, 0xe9, 0xfe, 0xc4, 0x64, 0xb7, 0xfe, 0xed,
    0x1d, 0x60, 0x00, 0x00, 0x00, 0x00, 0x40, 0xff, 0xff, 0x0c, 0x07, 0x47,
    0x18, 0x05, 0x4c, 0x4a, 0xb1, 0x00, 0x7f, 0x55, 0x1b, 0xff, 0x88, 0x68,
    0x85, 0x00, 0x00, 0x00, 0x00, 0x40, 0xff, 0xff, 0x0d, 0x07, 0x47, 0x18,
    0x05, 0x2e, 0xab, 0x50, 0x01, 0xcf, 0xe3, 0x84, 0xff, 0xfa, 0xe0, 0x67,
    0x00, 0x00, 0x00, 0x00, 0x40, 0xff, 0xff, 0x08, 0x07, 0x4a, 0x18, 0x01,
    0x44, 0x00, 0x29, 0xff, 0x70, 0xca, 0xf1, 0x00, 0x59, 0x0d, 0x0b, 0x00,
    0x00, 0x00, 0x00, 0x40, 0x0e, 0x07, 0x4d, 0x18, 0x01, 0xba, 0x60, 0x5e,
    0xff, 0xf2, 0xf5, 0x8a, 0xff, 0x00, 0x00, 0x17, 0x00, 0x00, 0x00, 0x00,
    0x40, 0x0f, 0x07, 0x51, 0x18, 0x05, 0x24, 0x4d, 0xbc, 0x01, 0xf8, 0x6f,
    0x9e, 0x01, 0x00, 0x00, 0x29, 0x00, 0x00, 0x00, 0x00, 0x40, 0xff, 0xff,
    0x11, 0x07, 0x51, 0x18, 0x05, 0xd6, 0x2f, 0x61, 0xfe, 0x40, 0x7b, 0xcc,
    0xfe, 0x00, 0x00, 0x29, 0x00, 0x00, 0x00, 0x00, 0x40, 0xff, 0xff, 0x10,
    0x07, 0x52, 0x18, 0x05, 0x7a, 0x12, 0x8c, 0x01, 0x90, 0x38, 0x3a, 0x01,
    0x21, 0x77, 0x2a, 0x00, 0x00, 0x00, 0x00, 0x40, 0xff, 0xff, 0x13, 0x07,
    0x52, 0x18, 0x05, 0x0c, 0xa1, 0x69, 0xfe, 0x2c, 0xfd, 0x91, 0xfe, 0x00,
    0x00, 0x29, 0x00, 0x00, 0x00, 0x00, 0x40, 0xff, 0xff, 0x12, 0x07, 0x53,
    0x18, 0x05, 0xa2, 0xdf, 0xa3, 0x01, 0x16, 0xf6, 0xc1, 0x00, 0x07, 0x7d,
    0x2e, 0x00, 0x00, 0x00, 0x00, 0x40, 0xff, 0xff, 0x15, 0x07, 0x53, 0x18,
    0x05, 0x10, 0xbc, 0x7e, 0xfe, 0x66, 0xa4, 0x4c, 0xfe, 0x00, 0x00, 0x29,
    0x00, 0x00, 0x00, 0x00, 0x40, 0xff, 0xff, 0x14, 0x07,
};

inline constexpr uint8_t kState4Tag20_16[] = {
    0xaf, 0x01, 0x01, 0x00, 0x53, 0x18, 0x05, 0x10, 0xbc, 0x7e, 0xfe, 0x66,
    0xa4, 0x4c, 0xfe, 0x00, 0x00, 0x29, 0x00, 0x00, 0x00, 0x00, 0x40, 0xff,
    0xff, 0x14, 0x07,
};

inline constexpr uint8_t kState4Tag45_00[] = {
    0xff, 0xff, 0x34, 0x00, 0x30, 0x6c, 0x69, 0x74, 0x58, 0x00, 0x00, 0x00,
    0x30, 0x04, 0x00, 0x00, 0x00, 0x00, 0x00, 0x00, 0x00, 0x00, 0x5f, 0xfe,
    0x00, 0x00, 0xc3, 0x01, 0x0b, 0x00, 0x00, 0x00, 0x00, 0x00, 0x6f, 0xfe,
    0x00, 0x00, 0xc3, 0x01, 0x0b, 0x00, 0x00, 0x00, 0x00, 0x00, 0x7e, 0xfe,
    0x00, 0x00, 0xc2, 0x01, 0x0b, 0x00, 0x00, 0x00, 0x00, 0x00, 0x8d, 0xfe,
    0x00, 0x00, 0xc2, 0x01, 0x0b, 0x00, 0x00, 0x00, 0x00, 0x00, 0x8c, 0xfe,
    0x00, 0x00, 0xd1, 0x01, 0x0b, 0x00, 0x00, 0x00, 0x00, 0x00, 0x7f, 0xfe,
    0x00, 0x00, 0xd3, 0x01, 0x0b, 0x00, 0x00, 0x00, 0x00, 0x00, 0x9c, 0xfe,
    0x00, 0x00, 0xd1, 0x01, 0x0b, 0x00, 0x00, 0x00, 0x00, 0x00, 0x9d, 0xfe,
    0x00, 0x00, 0xc1, 0x01, 0x0b, 0x00, 0x00, 0x00, 0x00, 0x00, 0x80, 0xfe,
    0x00, 0x00, 0xba, 0x01, 0x0b, 0x00, 0x00, 0x00, 0x00, 0x00, 0x7d, 0xfe,
    0x00, 0x00, 0xc9, 0x01, 0x0b, 0x00, 0x00, 0x00, 0x00, 0x00, 0xc2, 0xfe,
    0x00, 0x00, 0xbe, 0xff, 0x0b, 0x00, 0x00, 0x00, 0x00, 0x00, 0x8a, 0xfe,
    0x00, 0x00, 0xe2, 0x01, 0x0b, 0x00, 0x00, 0x00, 0x00, 0x00, 0x9a, 0xfe,
    0x00, 0x00, 0xe2, 0x01, 0x0b, 0x00, 0x00, 0x00, 0x00, 0x00, 0x70, 0xfe,
    0x00, 0x00, 0xd3, 0x01, 0x0b, 0x00, 0x00, 0x00, 0x00, 0x00, 0x60, 0xfe,
    0x00, 0x00, 0xd3, 0x01, 0x0b, 0x00, 0x00, 0x00, 0x00, 0x00, 0x9c, 0xfe,
    0x00, 0x00, 0xdc, 0x01, 0x0c, 0x01, 0x00, 0x00, 0x00, 0x00, 0x62, 0xfe,
    0x00, 0x00, 0xb6, 0x01, 0x0c, 0x02, 0x00, 0x00, 0x00, 0x00, 0xa6, 0xfe,
    0x00, 0x00, 0xd3, 0x01, 0x0c, 0x06, 0x00, 0x00, 0x00, 0x00, 0xa8, 0xfe,
    0x00, 0x00, 0xc3, 0x01, 0x0c, 0x06, 0x00, 0x00, 0x00, 0x00, 0x7f, 0xfe,
    0x00, 0x00, 0xe1, 0x01, 0x0c, 0x00, 0x00, 0x00, 0x00, 0x00, 0xc2, 0xfe,
    0x00, 0x00, 0xca, 0xff, 0x0c, 0x00, 0x00, 0x00, 0x00, 0x00, 0xb5, 0xfe,
    0x00, 0x00, 0xbd, 0xff, 0x0c, 0x04, 0x00, 0x00, 0x00, 0x00, 0xc2, 0xfe,
    0x00, 0x00, 0xb1, 0xff, 0x0c, 0x03, 0x00, 0x00, 0x00, 0x00, 0xcf, 0xfe,
    0x00, 0x00, 0xbd, 0xff, 0x0c, 0x07, 0x00, 0x00, 0x00, 0x00, 0x53, 0xfe,
    0x00, 0x00, 0xd3, 0x01, 0x0c, 0x04, 0x00, 0x00, 0x00, 0x00, 0x53, 0xfe,
    0x00, 0x00, 0xc4, 0x01, 0x0c, 0x04, 0x00, 0x00, 0x00, 0x00, 0x60, 0xfe,
    0x00, 0x00, 0xde, 0x01, 0x0c, 0x00, 0x00, 0x00, 0x00, 0x00, 0x9c, 0xfe,
    0x00, 0x00, 0xb2, 0x01, 0x0c, 0x03, 0x00, 0x00, 0x00, 0x00, 0x71, 0xfe,
    0x00, 0x00, 0xb3, 0x01, 0x0c, 0x02, 0x00, 0x00, 0x00, 0x00, 0x90, 0xfe,
    0x00, 0x00, 0xb2, 0x01, 0x0c, 0x02, 0x00, 0x00, 0x00, 0x00, 0x9a, 0xfe,
    0x00, 0x00, 0xed, 0x01, 0x0c, 0x01, 0x00, 0x00, 0x00, 0x00, 0x8d, 0xfe,
    0x00, 0x00, 0xf0, 0x01, 0x0c, 0x01, 0x00, 0x00, 0x00, 0x00, 0xa4, 0xfe,
    0x00, 0x00, 0xe3, 0x01, 0x0c, 0x06, 0x00, 0x00, 0x00, 0x00, 0x80, 0xfe,
    0x00, 0x00, 0xe6, 0x01, 0x0c, 0x05, 0x00, 0x00, 0x00, 0x00, 0x8f, 0xfe,
    0x00, 0x00, 0xdf, 0x01, 0x0c, 0x01, 0x00, 0x00, 0x00, 0x00, 0x6f, 0xfe,
    0x00, 0x00, 0xdf, 0x01, 0x0c, 0x01, 0x00, 0x00, 0x00, 0x00, 0xb5, 0xfe,
    0x00, 0x00, 0xcb, 0xff, 0x0d, 0x04, 0x00, 0x00, 0x00, 0x00, 0xd0, 0xfe,
    0x00, 0x00, 0xca, 0xff, 0x0d, 0x00, 0x00, 0x00, 0x00, 0x00, 0xa7, 0xfe,
    0x00, 0x00, 0xb3, 0x01, 0x0d, 0x07, 0x00, 0x00, 0x00, 0x00, 0x54, 0xfe,
    0x00, 0x00, 0xb8, 0x01, 0x0d, 0x03, 0x00, 0x00, 0x00, 0x00, 0x7d, 0xfe,
    0x00, 0x00, 0xe4, 0x01, 0x19, 0x00, 0x00, 0x00, 0x00, 0x00, 0xa5, 0x00,
    0x00, 0x00, 0x07, 0x00, 0x1a, 0x00, 0x00, 0x00, 0x00, 0x00, 0x9c, 0x00,
    0x00, 0x00, 0x02, 0x00, 0x1a, 0x00, 0x00, 0x00, 0x00, 0x00, 0x96, 0x00,
    0x00, 0x00, 0x01, 0x00, 0x1a, 0x00, 0x00, 0x00, 0x00, 0x00, 0x93, 0x00,
    0x00, 0x00, 0x05, 0x00, 0x1a, 0x00, 0x00, 0x00, 0x00, 0x00, 0x90, 0x00,
    0x00, 0x00, 0x11, 0x00, 0x1a, 0x00, 0x00, 0x00, 0x00, 0x00, 0x97, 0x00,
    0x00, 0x00, 0x15, 0x00, 0x1a, 0x00, 0x00, 0x00, 0x00, 0x00, 0x9a, 0x00,
    0x00, 0x00, 0x17, 0x00, 0x1a, 0x00, 0x00, 0x00, 0x00, 0x00, 0x9d, 0x00,
    0x00, 0x00, 0x15, 0x00, 0x1a, 0x00, 0x00, 0x00, 0x00, 0x00, 0xa1, 0x00,
    0x00, 0x00, 0x03, 0x00, 0x1a, 0x00, 0x00, 0x00, 0x00, 0x00, 0xa3, 0x00,
    0x00, 0x00, 0x05, 0x00, 0x1a, 0x00, 0x00, 0x00, 0x00, 0x00, 0xa3, 0x00,
    0x00, 0x00, 0x0c, 0x00, 0x1a, 0x00, 0x00, 0x00,
};

inline constexpr uint8_t kState4Tag45_01[] = {
    0x34, 0x00, 0x58, 0x00, 0x00, 0x00, 0x91, 0x00, 0x00, 0x00, 0x08, 0x00,
    0x1a, 0x00, 0x00, 0x00, 0x00, 0x00, 0x55, 0xff, 0x00, 0x00, 0xb5, 0xff,
    0x1a, 0x00, 0x00, 0x00, 0x00, 0x00, 0x58, 0xff, 0x00, 0x00, 0xbf, 0xff,
    0x1a, 0x00, 0x00, 0x00, 0x00, 0x00, 0x56, 0xff, 0x00, 0x00, 0x9f, 0xff,
    0x1a, 0x00, 0x00, 0x00, 0x00, 0x00, 0x27, 0xff, 0x00, 0x00, 0xac, 0xff,
    0x1a, 0x00, 0x00, 0x00, 0x00, 0x00, 0x3f, 0xff, 0x00, 0x00, 0xb8, 0xff,
    0x1a, 0x00, 0x00, 0x00, 0x00, 0x00, 0x33, 0xff, 0x00, 0x00, 0xb7, 0xff,
    0x1a, 0x00, 0x00, 0x00, 0x00, 0x00, 0x22, 0xff, 0x00, 0x00, 0xa5, 0xff,
    0x1a, 0x00, 0x00, 0x00, 0x00, 0x00, 0x20, 0xff, 0x00, 0x00, 0x92, 0xff,
    0x1a, 0x00, 0x00, 0x00, 0x00, 0x00, 0x51, 0xff, 0x00, 0x00, 0x8b, 0xff,
    0x1a, 0x00, 0x00, 0x00, 0x00, 0x00, 0x57, 0xff, 0x00, 0x00, 0xad, 0xff,
    0x1a, 0x00, 0x00, 0x00, 0x00, 0x00, 0x8f, 0x00, 0x00, 0x00, 0x0d, 0x00,
    0x1a, 0x00, 0x00, 0x00, 0x00, 0x00, 0x96, 0x00, 0x00, 0x00, 0x13, 0x00,
    0x1a, 0x00, 0x00, 0x00, 0x00, 0x00, 0x9f, 0x00, 0x00, 0x00, 0x14, 0x00,
    0x1a, 0x00, 0x00, 0x00, 0x00, 0x00, 0xa2, 0x00, 0x00, 0x00, 0x0e, 0x00,
    0x1a, 0x00, 0x00, 0x00, 0x00, 0x00, 0x94, 0xff, 0x00, 0x00, 0x11, 0x01,
    0x20, 0x00, 0x00, 0x00, 0x00, 0x00, 0x23, 0xff, 0x00, 0x00, 0x95, 0xff,
    0x27, 0x00, 0x00, 0x00, 0x00, 0x00, 0x20, 0xff, 0x00, 0x00, 0x9f, 0xff,
    0x27, 0x00, 0x00, 0x00, 0x00, 0x00, 0x4c, 0xff, 0x00, 0x00, 0x87, 0xff,
    0x27, 0x00, 0x00, 0x00, 0x00, 0x00, 0x56, 0xff, 0x00, 0x00, 0x8d, 0xff,
    0x27, 0x00, 0x00, 0x00, 0x00, 0x00, 0x36, 0xff, 0x00, 0x00, 0xbb, 0xff,
    0x27, 0x00, 0x00, 0x00, 0x00, 0x00, 0x30, 0xff, 0x00, 0x00, 0xb5, 0xff,
    0x27, 0x00, 0x00, 0x00, 0x00, 0x00, 0x45, 0xff, 0x00, 0x00, 0xa9, 0xff,
    0x28, 0x07, 0x00, 0x00, 0x00, 0x00, 0x4f, 0xff, 0x00, 0x00, 0xb8, 0xff,
    0x28, 0x05, 0x00, 0x00, 0x00, 0x00, 0x50, 0xff, 0x00, 0x00, 0xcb, 0xff,
    0x28, 0x05, 0x00, 0x00, 0x00, 0x00, 0x46, 0xff, 0x00, 0x00, 0x9b, 0xff,
    0x29, 0x07, 0x00, 0x00, 0x00, 0x00, 0x46, 0xff, 0x00, 0x00, 0x99, 0xff,
    0x29, 0x03, 0x00, 0x00, 0x00, 0x00, 0x45, 0xff, 0x00, 0x00, 0x8a, 0xff,
    0x29, 0x03, 0x00, 0x00, 0x00, 0x00, 0x4a, 0xff, 0x00, 0x00, 0xa9, 0xff,
    0x29, 0x03, 0x00, 0x00, 0x00, 0x00, 0x45, 0xff, 0x00, 0x00, 0x9a, 0xff,
    0x2a, 0x06, 0x00, 0x00, 0x00, 0x00, 0x46, 0xff, 0x00, 0x00, 0xa9, 0xff,
    0x2a, 0x06, 0x00, 0x00, 0x00, 0x00, 0x35, 0xff, 0x00, 0x00, 0x8a, 0xff,
    0x2a, 0x03, 0x00, 0x00, 0x00, 0x00, 0x4f, 0xff, 0x00, 0x00, 0xc8, 0xff,
    0x2a, 0x05, 0x00, 0x00, 0x00, 0x00, 0x36, 0xff, 0x00, 0x00, 0x9b, 0xff,
    0x2a, 0x01, 0x00, 0x00, 0x00, 0x00, 0x3a, 0xff, 0x00, 0x00, 0xa9, 0xff,
    0x2a, 0x03, 0x00, 0x00, 0x00, 0x00, 0x4e, 0xff, 0x00, 0x00, 0x9b, 0xff,
    0x2a, 0x04, 0x00, 0x00,
};

struct RetailBlobRef {
    const uint8_t *data;
    size_t size;
};

inline constexpr RetailBlobRef kState4Tag0dSequence[] = {
    {kState4Tag0d_00, sizeof(kState4Tag0d_00)},
    {kState4Tag0d_01, sizeof(kState4Tag0d_01)},
    {kState4Tag0d_02, sizeof(kState4Tag0d_02)},
    {kState4Tag0d_03, sizeof(kState4Tag0d_03)},
    {kState4Tag0d_04, sizeof(kState4Tag0d_04)},
    {kState4Tag0d_05, sizeof(kState4Tag0d_05)},
    {kState4Tag0d_06, sizeof(kState4Tag0d_06)},
    {kState4Tag0d_07, sizeof(kState4Tag0d_07)},
    {kState4Tag0d_08, sizeof(kState4Tag0d_08)},
    {kState4Tag0d_09, sizeof(kState4Tag0d_09)},
};

inline constexpr RetailBlobRef kState4Tag0cPreGate{
    kState4Tag0cPreGateBytes, sizeof(kState4Tag0cPreGateBytes)};

inline constexpr RetailBlobRef kState4Tag20Sequence[] = {
    {kState4Tag20_00, sizeof(kState4Tag20_00)},
    {kState4Tag20_01, sizeof(kState4Tag20_01)},
    {kState4Tag20_02, sizeof(kState4Tag20_02)},
    {kState4Tag20_03, sizeof(kState4Tag20_03)},
    {kState4Tag20_04, sizeof(kState4Tag20_04)},
    {kState4Tag20_05, sizeof(kState4Tag20_05)},
    {kState4Tag20_06, sizeof(kState4Tag20_06)},
    {kState4Tag20_07, sizeof(kState4Tag20_07)},
    {kState4Tag20_08, sizeof(kState4Tag20_08)},
    {kState4Tag20_09, sizeof(kState4Tag20_09)},
    {kState4Tag20_10, sizeof(kState4Tag20_10)},
    {kState4Tag20_11, sizeof(kState4Tag20_11)},
    {kState4Tag20_12, sizeof(kState4Tag20_12)},
    {kState4Tag20_13, sizeof(kState4Tag20_13)},
    {kState4Tag20_14, sizeof(kState4Tag20_14)},
    {kState4Tag20_15, sizeof(kState4Tag20_15)},
    {kState4Tag20_16, sizeof(kState4Tag20_16)},
};

inline constexpr RetailBlobRef kState4Tag45First{kState4Tag45_00, sizeof(kState4Tag45_00)};
inline constexpr RetailBlobRef kState4Tag45Second{kState4Tag45_01, sizeof(kState4Tag45_01)};

// ---------------------------------------------------------------------------
// Cap7 frame 745 game-start trailer.
//
// After the loadout/spawn-gate/world-ref bundle (cap7 frame 743 = our 0x5A,
// 0x5A, 0x42, 0x0A) and the 0x0F/0x4D/0x61/0x3E quartet (cap7 frame 745 head
// = also ours), retail emits these 11 additional messages in this exact
// order before the player can leave the spawn-select menu:
//
//   tag=0x40 ×4 (capture-zone status, 97/97/97/43 bytes)
//   tag=0x6F ×4 (cinematic camera assigns, 15 bytes each)
//   tag=0x6E   (8 bytes, undocumented)
//   tag=0x0A   (602 bytes — second, smaller world-reference)
//   tag=0x57   (5 bytes — RTT echo)
//
// We previously emitted only the first 8 tags (0x5A, 0x5A, 0x42, 0x0A, 0x0F,
// 0x4D, 0x61, 0x3E). With the trailer absent the spawn-select menu stayed
// open and the user couldn't leave it (verified via 2026-04-25 21:02 live
// test — gate log shows player input frames flowing but UI overlay never
// closes). These bytes are SCRK-decrypted from cap7 frame 745.

// tag=0x40 index 0 (cap7 frame 745, 97 bytes)
inline constexpr uint8_t kRetailGameStartTag40_00[] = {
    0x10, 0x05, 0x20, 0x09, 0x0c, 0x10, 0x00, 0x06, 0x20, 0x09, 0x0c, 0x10,
    0x00, 0x07, 0x20, 0x09, 0x0c, 0x10, 0x00, 0x08, 0x20, 0x09, 0x0c, 0x10,
    0x00, 0x09, 0x20, 0x09, 0x0c, 0x10, 0x00, 0x0a, 0x20, 0x00, 0x00, 0x10,
    0x00, 0x0b, 0x20, 0x00, 0x00, 0x10, 0x00, 0x0c, 0x20, 0x0d, 0x0c, 0x10,
    0x00, 0x0d, 0x20, 0x00, 0x00, 0x10, 0x00, 0x0e, 0x20, 0x0d, 0x0c, 0x10,
    0x00, 0x0f, 0x20, 0x0d, 0x0c, 0x10, 0x00, 0x10, 0x20, 0x0d, 0x0c, 0x10,
    0x00, 0x11, 0x20, 0x0d, 0x0c, 0x10, 0x00, 0x12, 0x20, 0x0d, 0x0c, 0x10,
    0x00, 0x13, 0x20, 0x0d, 0x0c, 0x10, 0x00, 0x14, 0x20, 0x0d, 0x0c, 0x10,
    0x00,
};

// tag=0x40 index 1 (cap7 frame 745, 97 bytes)
inline constexpr uint8_t kRetailGameStartTag40_01[] = {
    0x10, 0x15, 0x20, 0x0d, 0x0c, 0x10, 0x00, 0x16, 0x20, 0x0d, 0x0c, 0x10,
    0x00, 0x17, 0x20, 0x0d, 0x0c, 0x10, 0x00, 0x18, 0x20, 0x00, 0x00, 0x10,
    0x00, 0x19, 0x20, 0x00, 0x00, 0x10, 0x00, 0x1a, 0x20, 0x00, 0x00, 0x10,
    0x00, 0x1b, 0x20, 0x00, 0x00, 0x10, 0x00, 0x1c, 0x20, 0x00, 0x00, 0x10,
    0x00, 0x1d, 0x20, 0x00, 0x00, 0x10, 0x00, 0x1e, 0x20, 0x00, 0x00, 0x10,
    0x00, 0x1f, 0x20, 0x00, 0x00, 0x10, 0x00, 0x20, 0x20, 0x00, 0x00, 0x10,
    0x00, 0x21, 0x20, 0x00, 0x00, 0x10, 0x00, 0x22, 0x20, 0x00, 0x00, 0x10,
    0x00, 0x23, 0x20, 0x00, 0x00, 0x10, 0x00, 0x24, 0x20, 0x00, 0x00, 0x10,
    0x00,
};

// tag=0x40 index 2 (cap7 frame 745, 97 bytes)
inline constexpr uint8_t kRetailGameStartTag40_02[] = {
    0x10, 0x25, 0x20, 0x00, 0x00, 0x10, 0x00, 0x26, 0x20, 0x00, 0x00, 0x10,
    0x00, 0x27, 0x20, 0x00, 0x00, 0x10, 0x00, 0x28, 0x20, 0x00, 0x00, 0x10,
    0x00, 0x29, 0x20, 0x00, 0x00, 0x10, 0x00, 0x2a, 0x20, 0x00, 0x00, 0x10,
    0x00, 0x2b, 0x20, 0x00, 0x00, 0x10, 0x00, 0x2c, 0x20, 0x00, 0x00, 0x10,
    0x00, 0x2d, 0x20, 0x00, 0x00, 0x10, 0x00, 0x2e, 0x20, 0x00, 0x00, 0x10,
    0x00, 0x2f, 0x20, 0x00, 0x00, 0x10, 0x00, 0x7b, 0x22, 0x00, 0x00, 0x10,
    0x00, 0x7c, 0x22, 0x00, 0x00, 0x10, 0x00, 0x7d, 0x22, 0x00, 0x00, 0x10,
    0x00, 0x7e, 0x22, 0x00, 0x00, 0x10, 0x00, 0x7f, 0x22, 0x00, 0x00, 0x10,
    0x00,
};

// tag=0x40 index 3 (cap7 frame 745, 43 bytes)
inline constexpr uint8_t kRetailGameStartTag40_03[] = {
    0x07, 0x37, 0x24, 0x00, 0x00, 0x10, 0x00, 0x38, 0x24, 0x00, 0x00, 0x10,
    0x00, 0x31, 0x10, 0x00, 0x0c, 0x10, 0xc2, 0x32, 0x10, 0x00, 0x0c, 0x10,
    0xc2, 0x33, 0x10, 0x00, 0x0a, 0x10, 0x01, 0x34, 0x10, 0x00, 0x09, 0x10,
    0x03, 0x00, 0x10, 0x0b, 0x0c, 0x00, 0x00,
};

// tag=0x6F index 0 (cap7 frame 745, 15 bytes)
inline constexpr uint8_t kRetailGameStartTag6F_00[] = {
    0x31, 0x10, 0x00, 0x00, 0x00, 0x01, 0x00, 0x00, 0x00, 0x01, 0x00, 0x00,
    0x00, 0x00, 0x00,
};

// tag=0x6F index 1 (cap7 frame 745, 15 bytes)
inline constexpr uint8_t kRetailGameStartTag6F_01[] = {
    0x32, 0x10, 0x00, 0x00, 0x00, 0x01, 0x00, 0x00, 0x00, 0x01, 0x00, 0x00,
    0x00, 0x00, 0x00,
};

// tag=0x6F index 2 (cap7 frame 745, 15 bytes)
inline constexpr uint8_t kRetailGameStartTag6F_02[] = {
    0x33, 0x10, 0x01, 0x00, 0x00, 0x01, 0x00, 0x00, 0x00, 0x01, 0x00, 0x00,
    0x00, 0x00, 0x00,
};

// tag=0x6F index 3 (cap7 frame 745, 15 bytes)
inline constexpr uint8_t kRetailGameStartTag6F_03[] = {
    0x34, 0x10, 0x02, 0x00, 0x00, 0x01, 0x00, 0x00, 0x00, 0x01, 0x00, 0x00,
    0x00, 0x00, 0x00,
};

// tag=0x6E index 0 (cap7 frame 745, 8 bytes)
inline constexpr uint8_t kRetailGameStartTag6E_00[] = {
    0x01, 0x34, 0x10, 0x03, 0x00, 0x00, 0x00, 0x00,
};

// tag=0x57 index 0 (cap7 frame 745, 5 bytes)
inline constexpr uint8_t kRetailGameStartTag57_00[] = {
    0x73, 0x7e, 0x65, 0x0e, 0x01,
};

// tag=0x0A second world-reference (cap7 frame 745, 602 bytes)
inline constexpr uint8_t kRetailGameStartTag0A_00[] = {
    0x35, 0xb3, 0xb8, 0x01, 0xe1, 0x27, 0xb9, 0xfe, 0x68, 0xde, 0x0b, 0x00,
    0x02, 0x02, 0xbc, 0x02, 0x00, 0xff, 0xf2, 0x78, 0x00, 0x0f, 0x00, 0x00,
    0x00, 0x00, 0xff, 0xff, 0x96, 0x00, 0x00, 0x00, 0x01, 0x01, 0x00, 0xb9,
    0x14, 0x00, 0x00, 0xff, 0xff, 0x08, 0x00, 0x00, 0x00, 0x00, 0x00, 0x6a,
    0x00, 0x00, 0x01, 0x2b, 0x28, 0x01, 0x28, 0x01, 0x2c, 0x10, 0x0d, 0x05,
    0xff, 0xff, 0x0b, 0x67, 0x8a, 0x55, 0xe1, 0xb7, 0x05, 0xdb, 0x40, 0x00,
    0x00, 0xb8, 0x0b, 0x08, 0x00, 0x00, 0x00, 0x05, 0xdb, 0x01, 0x2f, 0x10,
    0x1c, 0x05, 0xff, 0xff, 0x84, 0xb0, 0x34, 0x6a, 0x42, 0x70, 0x00, 0x40,
    0x40, 0x01, 0x00, 0x40, 0x1f, 0x00, 0x00, 0x00, 0x00, 0x00, 0x40, 0x01,
    0x2d, 0x10, 0x14, 0x05, 0xff, 0xff, 0x6b, 0x6c, 0x4a, 0x5d, 0x82, 0xca,
    0x00, 0xc0, 0x40, 0x01, 0x00, 0x98, 0x3a, 0x08, 0x00, 0x00, 0x00, 0x00,
    0xc0, 0x01, 0x0e, 0x10, 0x0b, 0x05, 0xff, 0xff, 0x33, 0x52, 0xb8, 0x49,
    0x31, 0x12, 0xaa, 0x8a, 0x40, 0xa1, 0x00, 0xb8, 0x0b, 0x08, 0x00, 0x00,
    0x00, 0xaa, 0x8a, 0x01, 0x13, 0x10, 0x0b, 0x05, 0xff, 0xff, 0xc3, 0xfc,
    0x38, 0x52, 0x31, 0x12, 0x0b, 0x96, 0x40, 0xa1, 0x00, 0xb8, 0x0b, 0x08,
    0x00, 0x00, 0x00, 0x0b, 0x96, 0x01, 0x15, 0x10, 0x0b, 0x05, 0xff, 0xff,
    0x83, 0xdd, 0xe8, 0x4d, 0x31, 0x12, 0x82, 0x8d, 0x40, 0xa1, 0x00, 0xb8,
    0x0b, 0x08, 0x00, 0x00, 0x00, 0x82, 0x8d, 0x01, 0x0f, 0x10, 0x0b, 0x05,
    0xff, 0xff, 0xd2, 0xc3, 0xe6, 0x85, 0xf1, 0x0a, 0x00, 0x60, 0x40, 0xa1,
    0x00, 0xb8, 0x0b, 0x08, 0x00, 0x00, 0x00, 0x00, 0x60, 0x01, 0x11, 0x10,
    0x0b, 0x05, 0xff, 0xff, 0xc1, 0xdb, 0x96, 0xe7, 0x31, 0x12, 0x55, 0x75,
    0x40, 0xa1, 0x00, 0xb8, 0x0b, 0x08, 0x00, 0x00, 0x00, 0x55, 0x75, 0x01,
    0x26, 0x10, 0x0d, 0x05, 0xff, 0xff, 0xb6, 0x4b, 0xf8, 0x43, 0xe1, 0xb7,
    0xa4, 0x0f, 0x40, 0x00, 0x00, 0xb8, 0x0b, 0x08, 0x00, 0x00, 0x00, 0xa4,
    0x0f, 0x01, 0x27, 0x10, 0x0d, 0x05, 0xff, 0xff, 0x66, 0x5f, 0xf8, 0x4b,
    0xe1, 0xb7, 0x99, 0x19, 0x40, 0x00, 0x00, 0xb8, 0x0b, 0x08, 0x00, 0x00,
    0x00, 0x99, 0x19, 0x01, 0x18, 0x10, 0x0b, 0x05, 0xff, 0xff, 0xd4, 0x54,
    0x16, 0x93, 0x31, 0x12, 0x00, 0x60, 0x40, 0xa1, 0x00, 0xb8, 0x0b, 0x08,
    0x00, 0x00, 0x00, 0x00, 0x60, 0x01, 0x19, 0x10, 0x0b, 0x05, 0xff, 0xff,
    0xa3, 0x8f, 0x48, 0x45, 0x31, 0x12, 0x00, 0xa0, 0x40, 0xa1, 0x00, 0xb8,
    0x0b, 0x08, 0x00, 0x00, 0x00, 0x00, 0xa0, 0x01, 0x2a, 0x10, 0x0d, 0x05,
    0xff, 0xff, 0x76, 0x65, 0x16, 0x92, 0xe1, 0xb7, 0xf4, 0xe9, 0x40, 0x00,
    0x00, 0xb8, 0x0b, 0x08, 0x00, 0x00, 0x00, 0xf4, 0xe9, 0x01, 0x2b, 0x10,
    0x0d, 0x05, 0xff, 0xff, 0xf5, 0xa1, 0xe8, 0x6a, 0xe1, 0xae, 0x60, 0x2b,
    0x40, 0x00, 0x00, 0xb8, 0x0b, 0x08, 0x00, 0x00, 0x00, 0x60, 0x2b, 0x01,
    0x25, 0x10, 0x0d, 0x05, 0xff, 0xff, 0x24, 0xf3, 0x68, 0x51, 0xe1, 0xb7,
    0x05, 0x1b, 0x40, 0x00, 0x00, 0xb8, 0x0b, 0x08, 0x00, 0x00, 0x00, 0x05,
    0x1b, 0x01, 0x29, 0x10, 0x0d, 0x05, 0xff, 0xff, 0xd6, 0x4a, 0xc8, 0x53,
    0xe1, 0xb7, 0x4f, 0x1a, 0x40, 0x00, 0x00, 0xb8, 0x0b, 0x08, 0x00, 0x00,
    0x00, 0x4f, 0x1a, 0x01, 0x1f, 0x10, 0x0c, 0x05, 0xff, 0xff, 0x7b, 0x63,
    0x1a, 0x64, 0xb2, 0x4b, 0x55, 0xd5, 0x40, 0x01, 0x00, 0x88, 0x13, 0x08,
    0x00, 0x00, 0x00, 0x55, 0xd5, 0x01, 0x05, 0x10, 0x0b, 0x05, 0xff, 0xff,
    0x2b, 0x6b, 0x9a, 0x56, 0x00, 0x6f, 0x55, 0xd5, 0x40, 0xa1, 0x00, 0xb8,
    0x0b, 0x08, 0x00, 0x00, 0x00, 0x55, 0xd5, 0x01, 0x02, 0x10, 0x0b, 0x05,
    0xff, 0xff, 0xcb, 0x60, 0x3a, 0x61, 0x31, 0x12, 0x55, 0x15, 0x40, 0xa1,
    0x00, 0xb8, 0x0b, 0x08, 0x00, 0x00, 0x00, 0x55, 0x15, 0x01, 0x01, 0x10,
    0x0b, 0x05, 0xff, 0xff, 0xab, 0x63, 0x5a, 0x60, 0xf1, 0x11, 0x55, 0x55,
    0x40, 0xa1, 0x00, 0xb8, 0x0b, 0x08, 0x00, 0x00, 0x00, 0x55, 0x55, 0x01,
    0x00, 0x10, 0xbf, 0x04, 0xff, 0xff, 0xf6, 0x4c, 0xc6, 0x54, 0xc2, 0x5a,
    0xaa, 0x6a, 0x40, 0x01, 0x00, 0x88, 0x13, 0x08, 0x00, 0x00, 0x00, 0xaa,
    0x6a, 0x00,
};

inline constexpr RetailBlobRef kGameStartTag40Sequence[] = {
    {kRetailGameStartTag40_00, sizeof(kRetailGameStartTag40_00)},
    {kRetailGameStartTag40_01, sizeof(kRetailGameStartTag40_01)},
    {kRetailGameStartTag40_02, sizeof(kRetailGameStartTag40_02)},
    {kRetailGameStartTag40_03, sizeof(kRetailGameStartTag40_03)},
};

inline constexpr RetailBlobRef kGameStartTag6FSequence[] = {
    {kRetailGameStartTag6F_00, sizeof(kRetailGameStartTag6F_00)},
    {kRetailGameStartTag6F_01, sizeof(kRetailGameStartTag6F_01)},
    {kRetailGameStartTag6F_02, sizeof(kRetailGameStartTag6F_02)},
    {kRetailGameStartTag6F_03, sizeof(kRetailGameStartTag6F_03)},
};

inline constexpr RetailBlobRef kGameStartTag6E{kRetailGameStartTag6E_00, sizeof(kRetailGameStartTag6E_00)};
inline constexpr RetailBlobRef kGameStartTag0ASecond{kRetailGameStartTag0A_00, sizeof(kRetailGameStartTag0A_00)};
inline constexpr RetailBlobRef kGameStartTag57{kRetailGameStartTag57_00, sizeof(kRetailGameStartTag57_00)};

// ---------------------------------------------------------------------------
// Cap7 frame 749 — packet retail sends RIGHT AFTER frame 745 game-start.
//
// Order: 0x40(25), 0x4E(2), 0x58(211), 0x5D(0), 0x46(34), 0x4C(4), 0x57(5),
// 0x0A(617). In retail this packet arrives ~2ms after game-start; the player
// is already sending tag=0x0C input frames (frame 747) before frame 749 even
// arrives. Including these messages in our game-start bundle should not
// change the spawn-trigger order but does match retail's wire byte stream
// more closely. Bytes are SCRK-decrypted from cap7 frame 749.

// tag=0x40 (cap7 frame 749, 25 bytes)
inline constexpr uint8_t kFrame749Tag40_00[] = {
    0x04, 0x31, 0x10, 0x00, 0x0c, 0x10, 0xc2, 0x32, 0x10, 0x00, 0x0c, 0x10,
    0xc2, 0x33, 0x10, 0x00, 0x0a, 0x10, 0x01, 0x34, 0x10, 0x00, 0x09, 0x10,
    0x03,
};

// tag=0x4E (cap7 frame 749, 2 bytes — count=0xFFFF, no-op BatchSpawn)
inline constexpr uint8_t kFrame749Tag4E_00[] = {
    0xff, 0xff,
};

// tag=0x58 (cap7 frame 749, 211 bytes — server-info / mission name refresh)
inline constexpr uint8_t kFrame749Tag58_00[] = {
    0x62, 0x69, 0x67, 0x67, 0x79, 0x5f, 0x74, 0x65, 0x73, 0x74, 0x00, 0x41,
    0x53, 0x20, 0x2d, 0x20, 0x44, 0x6f, 0x72, 0x6d, 0x61, 0x6e, 0x74, 0x20,
    0x56, 0x6f, 0x6c, 0x63, 0x61, 0x6e, 0x6f, 0x20, 0x49, 0x73, 0x6c, 0x65,
    0x00, 0x10, 0x09, 0x02, 0x65, 0xcf, 0x00, 0x00, 0x00, 0x00, 0x00, 0x00,
    0x00, 0x00, 0x00, 0x00, 0x00, 0x00, 0x00, 0x00, 0x05, 0x00, 0x00, 0x00,
    0x00, 0x00, 0x00, 0x00, 0x00, 0x00, 0x00, 0x00, 0x01, 0x00, 0x00, 0x00,
    0x02, 0x00, 0x00, 0x00, 0x00, 0x00, 0x00, 0x00, 0x00, 0x00, 0x00, 0x00,
    0x00, 0x00, 0x00, 0x00, 0x00, 0x00, 0x00, 0x00, 0x05, 0x00, 0x00, 0x00,
    0x00, 0x00, 0x00, 0x00, 0x00, 0x00, 0x00, 0x00, 0x0c, 0x00, 0x00, 0x00,
    0x0a, 0x00, 0x00, 0x00, 0x05, 0x00, 0x00, 0x00, 0x01, 0x00, 0x00, 0x00,
    0x00, 0x00, 0x00, 0x00, 0x00, 0x00, 0x00, 0x00, 0x00, 0x00, 0x00, 0x00,
    0x00, 0x00, 0x00, 0x00, 0x00, 0x00, 0x00, 0x00, 0x02, 0x00, 0x00, 0x00,
    0x00, 0x00, 0x00, 0x00, 0x02, 0x00, 0x00, 0x00, 0x00, 0x00, 0x00, 0x00,
    0x00, 0x00, 0x00, 0x00, 0x00, 0x00, 0x00, 0x00, 0x00, 0x00, 0x00, 0x00,
    0x01, 0x00, 0x00, 0x00, 0x00, 0x00, 0x00, 0x00, 0x00, 0x00, 0x00, 0x00,
    0x0f, 0x00, 0x00, 0x00, 0x00, 0x00, 0x00, 0x00, 0x00, 0x00, 0x00, 0x00,
    0x05, 0x00, 0x00, 0x00, 0x00, 0x00, 0x00, 0x00, 0x01, 0x08, 0x1e, 0x00,
    0x00, 0x00, 0x00, 0x00, 0x00, 0x00, 0x00,
};

// tag=0x46 (cap7 frame 749, 34 bytes — player sync for "jored")
inline constexpr uint8_t kFrame749Tag46_00[] = {
    0x00, 0xf7, 0x5c, 0x00, 0x6a, 0x6f, 0x72, 0x65, 0x64, 0x00, 0x00, 0x41,
    0x2d, 0x41, 0x46, 0x46, 0x2d, 0x45, 0x36, 0x43, 0x30, 0x43, 0x46, 0x00,
    0x01, 0x00, 0x00, 0xff, 0x00, 0x01, 0x00, 0x00, 0x00, 0x00,
};

// tag=0x4C (cap7 frame 749, 4 bytes — control)
inline constexpr uint8_t kFrame749Tag4C_00[] = {
    0x01, 0x01, 0x01, 0x00,
};

// tag=0x57 (cap7 frame 749, 5 bytes — RTT)
inline constexpr uint8_t kFrame749Tag57_00[] = {
    0x1f, 0x7f, 0x65, 0x0e, 0x00,
};

// tag=0x0A (cap7 frame 749, 617 bytes — third world reference)
inline constexpr uint8_t kFrame749Tag0A_00[] = {
    0x35, 0xb3, 0xb8, 0x01, 0xe1, 0x27, 0xb9, 0xfe, 0x68, 0xde, 0x0b, 0x00,
    0x02, 0x03, 0x00, 0xff, 0xff, 0x96, 0x00, 0x00, 0x00, 0x01, 0x4a, 0x10,
    0x33, 0x08, 0xff, 0xff, 0x74, 0x96, 0xb6, 0x4c, 0xc2, 0x5a, 0xaa, 0x6a,
    0x40, 0x01, 0x00, 0x88, 0x13, 0x08, 0x00, 0x00, 0x00, 0xaa, 0x6a, 0x01,
    0x0f, 0x10, 0x0b, 0x05, 0xff, 0xff, 0xd2, 0xc3, 0xe6, 0x85, 0xf1, 0x0a,
    0x00, 0x60, 0x40, 0xa1, 0x00, 0xb8, 0x0b, 0x08, 0x00, 0x00, 0x00, 0x00,
    0x60, 0x01, 0x18, 0x10, 0x0b, 0x05, 0xff, 0xff, 0xd4, 0x54, 0x16, 0x93,
    0x31, 0x12, 0x00, 0x60, 0x40, 0xa1, 0x00, 0xb8, 0x0b, 0x08, 0x00, 0x00,
    0x00, 0x00, 0x60, 0x01, 0x11, 0x10, 0x0b, 0x05, 0xff, 0xff, 0xc1, 0xdb,
    0x96, 0xe7, 0x31, 0x12, 0x55, 0x75, 0x40, 0xa1, 0x00, 0xb8, 0x0b, 0x08,
    0x00, 0x00, 0x00, 0x55, 0x75, 0x01, 0x01, 0x00, 0xb9, 0x14, 0x00, 0x00,
    0xff, 0xff, 0x04, 0x00, 0x00, 0x00, 0x00, 0x00, 0x6a, 0x00, 0x00, 0x01,
    0x2b, 0x28, 0x13, 0x28, 0x01, 0x13, 0x10, 0x0b, 0x05, 0xff, 0xff, 0xc3,
    0xfc, 0x38, 0x52, 0x31, 0x12, 0x0b, 0x96, 0x40, 0xa1, 0x00, 0xb8, 0x0b,
    0x08, 0x00, 0x00, 0x00, 0x0b, 0x96, 0x01, 0x0e, 0x10, 0x0b, 0x05, 0xff,
    0xff, 0x33, 0x52, 0xb8, 0x49, 0x31, 0x12, 0xaa, 0x8a, 0x40, 0xa1, 0x00,
    0xb8, 0x0b, 0x08, 0x00, 0x00, 0x00, 0xaa, 0x8a, 0x01, 0x26, 0x10, 0x0d,
    0x05, 0xff, 0xff, 0xb6, 0x4b, 0xf8, 0x43, 0xe1, 0xb7, 0xa4, 0x0f, 0x40,
    0x00, 0x00, 0xb8, 0x0b, 0x08, 0x00, 0x00, 0x00, 0xa4, 0x0f, 0x01, 0x15,
    0x10, 0x0b, 0x05, 0xff, 0xff, 0x83, 0xdd, 0xe8, 0x4d, 0x31, 0x12, 0x82,
    0x8d, 0x40, 0xa1, 0x00, 0xb8, 0x0b, 0x08, 0x00, 0x00, 0x00, 0x82, 0x8d,
    0x01, 0x19, 0x10, 0x0b, 0x05, 0xff, 0xff, 0xa3, 0x8f, 0x48, 0x45, 0x31,
    0x12, 0x00, 0xa0, 0x40, 0xa1, 0x00, 0xb8, 0x0b, 0x08, 0x00, 0x00, 0x00,
    0x00, 0xa0, 0x01, 0x2a, 0x10, 0x0d, 0x05, 0xff, 0xff, 0x76, 0x65, 0x16,
    0x92, 0xe1, 0xb7, 0xf4, 0xe9, 0x40, 0x00, 0x00, 0xb8, 0x0b, 0x08, 0x00,
    0x00, 0x00, 0xf4, 0xe9, 0x01, 0x27, 0x10, 0x0d, 0x05, 0xff, 0xff, 0x66,
    0x5f, 0xf8, 0x4b, 0xe1, 0xb7, 0x99, 0x19, 0x40, 0x00, 0x00, 0xb8, 0x0b,
    0x08, 0x00, 0x00, 0x00, 0x99, 0x19, 0x01, 0x25, 0x10, 0x0d, 0x05, 0xff,
    0xff, 0x24, 0xf3, 0x68, 0x51, 0xe1, 0xb7, 0x05, 0x1b, 0x40, 0x00, 0x00,
    0xb8, 0x0b, 0x08, 0x00, 0x00, 0x00, 0x05, 0x1b, 0x01, 0x2b, 0x10, 0x0d,
    0x05, 0xff, 0xff, 0xf5, 0xa1, 0xe8, 0x6a, 0xe1, 0xae, 0x60, 0x2b, 0x40,
    0x00, 0x00, 0xb8, 0x0b, 0x08, 0x00, 0x00, 0x00, 0x60, 0x2b, 0x01, 0x29,
    0x10, 0x0d, 0x05, 0xff, 0xff, 0xd6, 0x4a, 0xc8, 0x53, 0xe1, 0xb7, 0x4f,
    0x1a, 0x40, 0x00, 0x00, 0xb8, 0x0b, 0x08, 0x00, 0x00, 0x00, 0x4f, 0x1a,
    0x01, 0x1d, 0x10, 0x0b, 0x05, 0xff, 0xff, 0x6b, 0x67, 0xca, 0x5b, 0x10,
    0xe2, 0xf4, 0x69, 0x40, 0xa1, 0x00, 0xb8, 0x0b, 0x08, 0x00, 0x00, 0x00,
    0xf4, 0x69, 0x01, 0x28, 0x10, 0x0d, 0x05, 0xff, 0xff, 0xcb, 0x65, 0xca,
    0x57, 0xe1, 0xb7, 0x4f, 0xda, 0x40, 0x00, 0x00, 0xb8, 0x0b, 0x08, 0x00,
    0x00, 0x00, 0x4f, 0xda, 0x01, 0x1e, 0x10, 0x0b, 0x05, 0xff, 0xff, 0x8b,
    0x69, 0x1a, 0x5a, 0xd0, 0xbc, 0xaa, 0x6a, 0x40, 0xa1, 0x00, 0xb8, 0x0b,
    0x08, 0x00, 0x00, 0x00, 0xaa, 0x6a, 0x01, 0x03, 0x10, 0x0b, 0x05, 0xff,
    0xff, 0xab, 0x66, 0x6a, 0x5e, 0xe0, 0x3f, 0x55, 0x95, 0x40, 0xa1, 0x00,
    0xb8, 0x0b, 0x08, 0x00, 0x00, 0x00, 0x55, 0x95, 0x01, 0x30, 0x10, 0x1c,
    0x05, 0xff, 0xff, 0x97, 0x41, 0x88, 0x57, 0x42, 0x70, 0xaa, 0xaa, 0x40,
    0x01, 0x00, 0x40, 0x1f, 0x00, 0x00, 0x00, 0x00, 0xaa, 0xaa, 0x01, 0x4b,
    0x10, 0x33, 0x08, 0xff, 0xff, 0x77, 0x71, 0xb8, 0x63, 0xc2, 0x5a, 0x55,
    0x95, 0x40, 0x01, 0x00, 0x88, 0x13, 0x08, 0x00, 0x00, 0x00, 0x55, 0x95,
    0x01, 0x00, 0x10, 0xbf, 0x04, 0xff, 0xff, 0xf6, 0x4c, 0xc6, 0x54, 0xc2,
    0x5a, 0xaa, 0x6a, 0x40, 0x01, 0x00, 0x88, 0x13, 0x08, 0x00, 0x00, 0x00,
    0xaa, 0x6a, 0x01, 0x02, 0x10, 0x0b, 0x05, 0xff, 0xff, 0xcb, 0x60, 0x3a,
    0x61, 0x31, 0x12, 0x55, 0x15, 0x40, 0xa1, 0x00, 0xb8, 0x0b, 0x08, 0x00,
    0x00, 0x00, 0x55, 0x15, 0x00,
};

inline constexpr RetailBlobRef kFrame749Tag40{kFrame749Tag40_00, sizeof(kFrame749Tag40_00)};
inline constexpr RetailBlobRef kFrame749Tag4E{kFrame749Tag4E_00, sizeof(kFrame749Tag4E_00)};
inline constexpr RetailBlobRef kFrame749Tag58{kFrame749Tag58_00, sizeof(kFrame749Tag58_00)};
inline constexpr RetailBlobRef kFrame749Tag46{kFrame749Tag46_00, sizeof(kFrame749Tag46_00)};
inline constexpr RetailBlobRef kFrame749Tag4C{kFrame749Tag4C_00, sizeof(kFrame749Tag4C_00)};
inline constexpr RetailBlobRef kFrame749Tag57{kFrame749Tag57_00, sizeof(kFrame749Tag57_00)};
inline constexpr RetailBlobRef kFrame749Tag0A{kFrame749Tag0A_00, sizeof(kFrame749Tag0A_00)};

} // namespace opennova::retail_loading_blobs
